subject_id,evaluation_task,session_id,run_id,n_epochs,n_channels,n_samples,n_status_fixations,n_status_stimuli,n_status_responses,max_abs_residual_baseline_mean
e21,session1_training_pre,1,1,60,61,768,60,60,60,4.146225846317761e-13
e21,session1_training_pre,1,2,60,61,768,60,60,60,2.3127469438466005e-13
e21,session1_training_pre,1,3,60,61,768,60,60,60,3.678103573346401e-13
e21,session1_training_pre,1,4,60,61,768,60,60,60,3.7226866469627214e-13
e21,session1_training_pre,1,5,60,61,768,60,60,60,2.786442101020001e-13
e21,session1_training_pre,1,6,60,61,768,60,60,60,2.496652122513921e-13
e21,session1_training_pre,1,7,60,61,768,60,60,60,1.8056144814609606e-13
e21,session1_training_pre,1,8,60,61,768,60,60,60,2.6749844169792013e-13
e21,decoding,1,1,60,61,768,60,60,60,5.823663991131801e-14
e21,decoding,1,2,60,61,768,60,60,60,2.6749844169792013e-13
e21,decoding,1,3,60,61,768,60,60,60,1.0672073246906605e-13
e21,decoding,1,4,60,61,768,60,60,60,1.9282179339058405e-13
e21,decoding,1,5,60,61,768,60,60,60,2.4409232804935205e-13
e21,decoding,1,6,60,61,768,60,60,60,3.053940542717921e-13
e21,decoding,2,1,60,61,768,60,60,60,2.128841765179281e-13
e21,decoding,2,2,60,61,768,60,60,60,2.424204627887401e-13
e21,decoding,2,3,60,61,768,60,60,60,2.8491370482929514e-14
e21,decoding,2,4,60,61,768,60,60,59,2.5189436593220813e-13
e21,decoding,2,5,60,61,768,60,60,60,1.2288209665498202e-13
e21,decoding,2,6,60,61,768,60,60,57,1.3542108610957206e-13
e21,decoding,2,7,60,61,768,60,60,59,3.979039320256561e-13
e21,decoding,2,8,60,61,768,60,60,60,3.343730521224001e-14
e21,decoding,3,1,60,61,768,60,60,60,1.7220212184303606e-13
e21,decoding,3,2,60,61,768,60,60,60,9.334581038417003e-14
e21,decoding,3,3,60,61,768,60,60,60,7.467664830733603e-14
e21,decoding,3,4,60,61,768,60,60,60,6.436681253356203e-14
e21,decoding,3,5,60,61,768,60,60,60,5.767935149111401e-14
e21,decoding,3,6,60,61,768,60,60,60,7.941359987907003e-14
e21,decoding,3,7,60,61,768,60,60,60,7.356207146692802e-14
e21,decoding,3,8,60,61,768,60,60,60,1.7053025658242404e-13
e21,decoding,4,1,60,61,768,60,60,60,3.053940542717921e-13
e21,decoding,4,2,60,61,768,60,60,60,1.9505094707140006e-13
e21,decoding,4,3,60,61,768,60,60,59,1.8167602498650408e-13
e21,decoding,4,4,60,61,768,60,60,60,1.2304928318104324e-12
e21,decoding,4,5,60,61,768,60,60,60,9.942025416439362e-13
e21,decoding,4,6,60,61,768,60,60,59,7.913495566896802e-13
e21,decoding,4,7,60,61,768,60,60,60,2.0508213863507205e-12
e21,decoding,4,8,60,61,768,60,60,59,1.2750759054267522e-12
e21,decoding,5,1,60,61,768,60,60,60,1.6830110290160805e-13
e21,decoding,5,2,60,61,768,60,60,60,3.2768559107995213e-13
e21,decoding,5,3,60,61,768,60,60,60,2.429777512089441e-13
e21,decoding,5,4,60,61,768,60,60,60,1.1535870298222802e-13
e21,decoding,5,5,60,61,768,60,60,60,3.0650863111220006e-14
e21,decoding,5,6,60,61,768,60,60,60,2.864462479848561e-13
e22,session1_training_pre,1,1,60,61,768,60,60,60,1.8279060182691205e-13
e22,session1_training_pre,1,2,60,61,768,60,60,60,2.262590986028241e-13
e22,session1_training_pre,1,3,60,61,768,60,60,60,2.585818269746561e-13
e22,session1_training_pre,1,4,60,61,768,60,60,60,2.201289259805801e-13
e22,session1_training_pre,1,5,60,61,768,60,60,60,3.510917047285201e-13
e22,session1_training_pre,1,6,60,61,768,60,60,60,2.385194438473121e-13
e22,session1_training_pre,1,7,60,61,768,60,60,60,2.557953848736361e-13
e22,session1_training_pre,1,8,60,61,768,60,60,60,2.173424838795601e-13
e22,decoding,1,1,60,61,768,60,60,60,6.380952411335803e-14
e22,decoding,1,2,60,61,768,60,60,60,2.5913911539486006e-14
e22,decoding,1,3,60,61,768,60,60,60,3.288001679203601e-14
e22,decoding,1,4,60,61,768,60,60,60,3.859222309912701e-14
e22,decoding,1,5,60,61,768,60,60,60,8.080682092958002e-14
e22,decoding,1,6,60,61,768,60,60,60,1.8947806286936004e-14
e22,decoding,2,1,60,61,768,60,60,60,2.3406113648568005e-14
e22,decoding,2,2,60,61,768,60,60,60,1.3263464400855204e-13
e22,decoding,2,3,60,61,768,60,60,60,1.7944687130568807e-13
e22,decoding,2,4,60,61,768,60,60,60,8.024953250937604e-14
e22,decoding,2,5,60,61,768,60,60,60,5.1409856763819014e-14
e22,decoding,2,6,60,61,768,60,60,60,2.195716375603761e-13
e22,decoding,2,7,60,61,768,60,60,60,1.5046787345508006e-13
e22,decoding,2,8,60,61,768,60,60,60,1.1173632825090202e-13
e22,decoding,3,1,60,61,768,60,60,60,2.864462479848561e-13
e22,decoding,3,2,60,61,768,60,60,60,2.262590986028241e-13
e22,decoding,3,3,60,61,768,60,60,60,3.822998562599441e-13
e22,decoding,3,4,60,61,768,60,60,60,1.5771262291773206e-13
e22,decoding,3,5,60,61,768,60,60,60,1.7833229446528004e-13
e22,decoding,3,6,60,61,768,60,60,60,2.284882522836401e-13
e22,decoding,3,7,60,61,768,60,60,60,1.7331669868344406e-13
e22,decoding,3,8,60,61,768,60,60,60,1.6384279553997607e-13
e22,decoding,4,1,60,61,768,60,60,60,3.3855271527393015e-14
e22,decoding,4,2,60,61,768,60,60,60,2.5774589434435007e-14
e22,decoding,4,3,60,61,768,60,60,60,3.5387814682954016e-14
e22,decoding,4,4,60,61,768,60,60,60,2.7376793642521508e-14
e22,decoding,4,5,60,61,768,60,60,60,3.0302557848592514e-14
e22,decoding,4,6,60,61,768,60,60,60,2.5913911539486006e-14
e22,decoding,4,7,60,61,768,60,60,60,6.576003358407202e-14
e22,decoding,4,8,60,61,768,60,60,60,2.4311707331399502e-14
e22,decoding,5,2,60,61,768,60,60,60,1.2037429876406406e-13
e22,decoding,5,3,60,61,768,60,60,60,8.164275355988602e-14
e22,decoding,5,4,60,61,768,60,60,60,8.498648408111002e-14
e22,decoding,5,5,60,61,768,60,60,60,2.4137554700085756e-14
e22,decoding,5,6,60,61,768,60,60,60,5.5171553600196014e-14
e22,decoding,5,7,60,61,768,60,60,60,7.955292198412103e-14
e23,session1_training_pre,1,1,60,61,768,60,60,60,1.2538989454590004e-13
e23,session1_training_pre,1,2,60,61,768,60,60,60,1.1758785666304404e-13
e23,session1_training_pre,1,3,60,61,768,60,60,60,6.208193001072562e-13
e23,session1_training_pre,1,4,60,61,768,60,60,60,9.223123354376202e-14
e23,session1_training_pre,1,5,60,61,768,60,60,60,2.8198794062322413e-13
e23,session1_training_pre,1,6,60,61,768,60,60,60,2.418631743685361e-13
e23,session1_training_pre,1,7,60,61,768,60,60,60,2.953628627081201e-13
e23,session1_training_pre,1,8,60,61,768,60,60,60,7.941359987907003e-14
e23,decoding,1,1,60,61,768,60,60,58,3.7895612573872014e-14
e23,decoding,1,2,60,61,768,60,60,59,3.845290099407601e-14
e23,decoding,1,3,60,61,768,60,60,60,7.648783567299904e-14
e23,decoding,1,4,60,61,768,60,60,60,5.0713246238564016e-14
e23,decoding,1,5,60,61,768,60,60,60,1.0894988614988205e-13
e23,decoding,1,6,60,61,768,60,60,60,7.244749462652001e-14
e23,decoding,2,1,60,61,768,60,60,60,6.102308201233801e-14
e23,decoding,2,2,60,61,768,60,60,59,2.385194438473121e-13
e23,decoding,2,3,60,61,768,60,60,60,1.1591599140243202e-13
e23,decoding,2,4,60,61,768,60,60,60,5.935121675172602e-14
e23,decoding,2,5,60,61,768,60,60,60,4.7648159927442014e-14
e23,decoding,2,6,60,61,768,60,60,60,1.0421293457814802e-13
e23,decoding,2,7,60,61,768,60,60,60,2.967560837586301e-14
e23,decoding,2,8,60,61,768,60,60,60,4.9320025188054014e-14
e23,decoding,3,1,60,61,768,60,60,60,1.1145768404080002e-13
e23,decoding,3,2,60,61,768,60,60,60,1.1591599140243202e-13
e23,decoding,3,3,60,61,768,60,60,60,9.808276195590404e-14
e23,decoding,3,4,60,61,768,60,60,60,3.6000831945178413e-13
e23,decoding,3,5,60,61,768,60,60,60,5.171636539493121e-13
e23,decoding,3,6,60,61,768,60,60,60,3.689249341750481e-13
e23,decoding,3,7,60,61,768,60,60,60,4.681222729713601e-13
e23,decoding,3,8,60,61,768,60,60,60,1.7833229446528004e-13
e23,decoding,4,1,60,61,768,60,60,60,6.102308201233801e-14
e23,decoding,4,2,60,61,768,60,60,60,4.012476625468801e-13
e23,decoding,4,3,60,61,768,60,60,60,9.543564195993505e-14
e23,decoding,4,4,60,61,768,60,60,60,3.7895612573872014e-14
e23,decoding,4,5,60,61,768,60,60,60,3.0859846268796506e-14
e23,decoding,4,6,60,61,768,60,60,60,4.7508837822391014e-14
e23,decoding,4,7,60,61,768,60,60,60,2.2082553650583503e-14
e23,decoding,4,8,60,61,768,60,60,60,2.8630692587980507e-14
e23,decoding,5,1,60,61,768,60,60,60,1.5826991133793606e-13
e23,decoding,5,2,60,61,768,60,60,60,2.4632148173016805e-13
e23,decoding,5,3,60,61,768,60,60,60,4.249324204055501e-14
e23,decoding,5,4,60,61,768,60,60,60,4.012476625468801e-14
e23,decoding,5,5,60,61,768,60,60,60,3.544354352497441e-13
e23,decoding,5,6,60,61,768,60,60,60,6.631732200427602e-14
e24,session1_training_pre,1,1,60,61,768,60,60,60,2.5189436593220813e-13
e24,session1_training_pre,1,2,60,61,768,60,60,59,1.1730921245294204e-13
e24,session1_training_pre,1,3,60,61,768,60,60,60,1.1201497246100405e-13
e24,session1_training_pre,1,4,60,61,768,60,60,59,3.388313594840321e-13
e24,session1_training_pre,1,5,60,61,768,60,60,60,1.6941567974201605e-13
e24,session1_training_pre,1,6,60,61,768,60,60,59,3.859222309912701e-14
e24,session1_training_pre,1,7,60,61,768,60,60,60,1.8780619760874806e-13
e24,session1_training_pre,1,8,60,61,768,60,60,60,1.7972551551579006e-13
e24,decoding,1,1,60,61,768,60,60,58,1.9310043760068605e-13
e24,decoding,1,2,60,61,768,60,60,60,8.136410934978402e-14
e24,decoding,1,3,60,61,768,60,60,60,9.083801249325204e-14
e24,decoding,1,4,60,61,768,60,60,59,6.074443780223601e-14
e24,decoding,1,5,60,61,768,60,60,59,3.678103573346401e-14
e24,decoding,1,6,60,61,768,60,60,59,5.6286130440604017e-14
e24,decoding,2,1,60,61,768,60,60,59,5.046803933367425e-12
e24,decoding,2,2,60,61,768,60,60,60,1.7476564857597445e-12
e24,decoding,2,3,60,61,768,60,60,59,1.2349511391720644e-12
e24,decoding,2,4,60,61,768,60,60,60,2.0062383127344005e-13
e24,decoding,2,5,60,61,768,60,60,60,1.2093158718426806e-13
e24,decoding,2,6,60,61,768,60,60,60,2.719567490595521e-13
e24,decoding,2,7,60,61,768,60,60,60,1.2304928318104324e-12
e24,decoding,2,8,60,61,768,60,60,60,6.063298011819521e-13
e24,decoding,3,1,60,61,768,60,60,60,3.700395110154561e-13
e24,decoding,3,2,60,61,768,60,60,60,3.477479742072961e-13
e24,decoding,3,3,60,61,768,60,60,60,1.9059263970976805e-13
e24,decoding,3,4,60,61,768,60,60,60,1.3932210505100005e-13
e24,decoding,3,5,60,61,768,60,60,59,1.0922853035998404e-13
e24,decoding,3,6,60,61,768,60,60,59,5.6286130440604017e-14
e24,decoding,3,7,60,61,768,60,60,58,1.2594718296610404e-13
e24,decoding,3,8,60,61,768,60,60,60,1.2093158718426806e-13
e24,decoding,4,1,60,61,768,60,60,60,3.209981300375041e-13
e24,decoding,4,2,60,61,768,60,60,60,2.034102733744601e-13
e24,decoding,4,3,60,61,768,60,60,60,1.0031191563672002e-13
e24,decoding,4,4,60,61,768,60,60,58,9.139530091345605e-14
e24,decoding,4,5,60,61,768,60,60,60,1.3876481663079605e-13
e24,decoding,4,6,60,61,768,60,60,58,1.9059263970976805e-13
e24,decoding,4,7,60,61,768,60,60,60,1.1535870298222802e-13
e24,decoding,4,8,60,61,768,60,60,60,1.4796007556416204e-13
e24,decoding,5,1,60,61,768,60,60,60,3.245647759268097e-12
e24,decoding,5,2,60,61,768,60,60,60,1.5938448817834406e-13
e24,decoding,5,3,60,61,768,60,60,60,2.3094032133253765e-12
e24,decoding,5,4,60,61,768,60,60,59,4.413724288015681e-13
e24,decoding,5,5,60,61,768,60,60,60,5.546134357870209e-12
e24,decoding,5,6,60,61,768,60,60,60,2.496652122513921e-12
e25,session1_training_pre,1,1,60,61,768,60,60,60,1.1591599140243202e-13
e25,session1_training_pre,1,2,60,61,768,60,60,60,1.1758785666304404e-13
e25,session1_training_pre,1,3,60,61,768,60,60,60,2.6749844169792007e-14
e25,session1_training_pre,1,4,60,61,768,60,60,60,4.1866292567825514e-14
e25,session1_training_pre,1,5,60,61,768,60,60,60,3.923310478236161e-13
e25,session1_training_pre,1,6,60,61,768,60,60,60,4.658931192905441e-13
e25,session1_training_pre,1,7,60,61,768,60,60,60,3.979039320256561e-13
e25,session1_training_pre,1,8,60,61,768,60,60,60,2.557953848736361e-13
e25,decoding,1,1,60,61,768,60,60,60,1.5046787345508006e-13
e25,decoding,1,2,60,61,768,60,60,60,1.5158245029548806e-13
e25,decoding,1,3,60,61,768,60,60,60,7.551258093764203e-14
e25,decoding,1,4,60,61,768,60,60,60,3.148679574152601e-13
e25,decoding,1,5,60,61,768,60,60,60,2.5217301014231002e-14
e25,decoding,1,6,60,61,768,60,60,60,1.5102516187528406e-13
e25,decoding,2,1,60,61,768,60,60,60,2.9814930480914015e-14
e25,decoding,2,2,60,61,768,60,60,60,8.944479144274203e-14
e25,decoding,2,3,60,61,768,60,60,60,2.106550228371121e-13
e25,decoding,2,4,60,61,768,60,60,59,2.535662311928201e-13
e25,decoding,2,5,60,61,768,60,60,60,2.251445217624161e-13
e25,decoding,2,6,60,61,768,60,60,60,2.7098149432419512e-14
e25,decoding,2,7,60,61,768,60,60,60,7.913495566896803e-14
e25,decoding,2,8,60,61,768,60,60,60,4.5697650456728014e-14
e25,decoding,3,1,60,61,768,60,60,60,4.291120835570801e-13
e25,decoding,3,2,60,61,768,60,60,60,6.576003358407202e-14
e25,decoding,3,3,60,61,768,60,60,60,1.5938448817834406e-13
e25,decoding,3,4,60,61,768,60,60,60,3.2740694686985006e-14
e25,decoding,3,5,60,61,768,60,60,60,7.300478304672402e-14
e25,decoding,3,6,60,61,768,60,60,60,3.664171362841301e-14
e25,decoding,3,7,60,61,768,60,60,60,5.1409856763819014e-14
e25,decoding,3,8,60,61,768,60,60,60,2.5635267329384007e-14
e25,decoding,4,1,60,61,768,60,60,60,2.946662521828651e-14
e25,decoding,4,2,60,61,768,60,60,60,1.6885839132181205e-13
e25,decoding,4,3,60,61,768,60,60,60,9.250987775386402e-14
e25,decoding,4,4,60,61,768,60,60,60,4.5767311509253513e-14
e25,decoding,4,5,60,61,768,60,60,60,3.2322728371832014e-14
e25,decoding,4,6,60,61,768,60,60,60,9.585360827508805e-14
e25,decoding,4,7,60,61,768,60,60,60,1.2483260612569604e-13
e25,decoding,4,8,60,61,768,60,60,60,5.795799570121601e-14
e25,decoding,5,1,60,61,768,60,60,60,9.250987775386402e-14
e25,decoding,5,2,60,61,768,60,60,60,1.7833229446528004e-13
e25,decoding,5,3,60,61,768,60,60,60,8.916614723264002e-14
e25,decoding,5,4,60,61,768,60,60,60,1.3263464400855204e-13
e25,decoding,5,5,60,61,768,60,60,60,1.6607194922079206e-13
e25,decoding,5,6,60,61,768,60,60,60,5.6146808335553023e-14
e26,session1_training_pre,1,1,60,61,768,60,60,60,1.8724890918854404e-13
e26,session1_training_pre,1,2,60,61,768,60,60,60,2.6081098065547205e-13
e26,session1_training_pre,1,3,60,61,768,60,60,60,3.0316490059097606e-13
e26,session1_training_pre,1,4,60,61,768,60,60,60,2.4242046278874006e-13
e26,session1_training_pre,1,5,60,61,768,60,60,60,1.4740278714395804e-13
e26,session1_training_pre,1,6,60,61,768,60,60,60,3.0316490059097606e-13
e26,session1_training_pre,1,7,60,61,768,60,60,60,1.8947806286936006e-13
e26,session1_training_pre,1,8,60,61,768,60,60,60,1.3987939347120404e-13
e26,decoding,1,1,60,61,768,60,60,60,4.987731360825801e-14
e26,decoding,1,2,60,61,768,60,60,60,4.514036203652401e-14
e26,decoding,1,3,60,61,768,60,60,59,2.1803909440481507e-14
e26,decoding,1,4,60,61,768,60,60,60,4.116968204257051e-14
e26,decoding,1,5,60,61,768,60,60,60,9.919733879631203e-14
e26,decoding,1,6,60,61,768,60,60,60,1.5659804607732404e-13
e26,decoding,2,1,60,61,768,60,60,60,7.467664830733602e-14
e26,decoding,2,2,60,61,768,60,60,60,1.7053025658242404e-13
e26,decoding,2,3,60,61,768,60,60,60,1.5604075765712004e-13
e26,decoding,2,4,60,61,768,60,60,60,1.5046787345508003e-13
e26,decoding,2,5,60,61,768,60,60,60,1.8446246708752405e-13
e26,decoding,2,6,60,61,768,60,60,60,4.5697650456728014e-14
e26,decoding,2,7,60,61,768,60,60,59,6.932667947337761e-13
e26,decoding,2,8,60,61,768,60,60,60,3.0260761217077206e-13
e26,decoding,3,1,60,61,768,60,60,59,3.0316490059097606e-13
e26,decoding,3,2,60,61,768,60,60,60,1.4712414293385605e-13
e26,decoding,3,3,60,61,768,60,60,60,1.4238719136212204e-13
e26,decoding,3,4,60,61,768,60,60,60,5.4474943074941016e-14
e26,decoding,3,5,60,61,768,60,60,60,1.6272821869956805e-13
e26,decoding,3,6,60,61,768,60,60,60,2.5969640381506405e-13
e26,decoding,3,7,60,61,768,60,60,60,1.8279060182691205e-13
e26,decoding,3,8,60,61,768,60,60,60,2.7028488379894007e-13
e26,decoding,4,1,60,61,768,60,60,60,2.518943659322081e-13
e26,decoding,4,2,60,61,768,60,60,60,1.9393637023099204e-13
e26,decoding,4,3,60,61,768,60,60,60,1.2817633664692003e-13
e26,decoding,4,4,60,61,768,60,60,60,3.0790185216271006e-14
e26,decoding,4,5,60,61,768,60,60,60,2.3851944384731207e-13
e26,decoding,4,6,60,61,768,60,60,60,3.796527362639751e-14
e26,decoding,4,7,60,61,768,60,60,60,1.2215762170871682e-12
e26,decoding,4,8,60,61,768,60,60,60,3.661384920740281e-13
e26,decoding,5,1,60,61,768,60,60,60,1.0532751141855603e-13
e26,decoding,5,2,60,61,768,60,60,60,1.8613433234813604e-13
e26,decoding,5,3,60,61,768,60,60,60,1.9337908181078805e-13
e26,decoding,5,4,60,61,768,60,60,60,2.0173840811384804e-13
e26,decoding,5,5,60,61,768,60,60,60,2.7641505642118405e-13
e26,decoding,5,6,60,61,768,60,60,60,2.5635267329384007e-13
e27,session1_training_pre,1,1,60,61,768,60,60,60,5.809731780626701e-14
e27,session1_training_pre,1,2,60,61,768,60,60,60,6.144104832749101e-14
e27,session1_training_pre,1,3,60,61,768,60,60,60,2.674984416979201e-13
e27,session1_training_pre,1,4,60,61,768,60,60,60,9.473903143468003e-14
e27,session1_training_pre,1,5,60,61,768,60,60,59,6.158037043254201e-14
e27,session1_training_pre,1,6,60,61,768,60,60,60,2.920191321868961e-13
e27,session1_training_pre,1,7,60,61,768,60,60,60,2.5858182697465606e-13
e27,session1_training_pre,1,8,60,61,768,60,60,60,4.697941382319722e-13
e27,decoding,1,1,60,61,768,60,60,58,4.040341046479001e-14
e27,decoding,1,2,60,61,768,60,60,59,5.802765675374151e-14
e27,decoding,1,3,60,61,768,60,60,60,2.0285298495425606e-13
e27,decoding,1,4,60,61,768,60,60,56,1.0086920405692402e-13
e27,decoding,1,5,60,61,768,60,60,58,7.913495566896802e-14
e27,decoding,2,1,60,61,768,60,60,58,1.0811395351957602e-13
e27,decoding,2,2,60,61,768,60,60,56,1.4907465240457004e-13
e27,decoding,2,3,60,61,768,60,60,60,9.668954090539402e-14
e27,decoding,2,4,60,61,768,60,60,57,6.865793336913282e-13
e27,decoding,2,5,60,61,768,60,60,58,9.223123354376202e-14
e27,decoding,2,6,60,61,768,60,60,60,9.042004617809902e-14
e27,decoding,2,7,60,61,768,60,60,60,2.3851944384731207e-13
e27,decoding,2,8,60,61,768,60,60,60,1.7610314078446405e-13
e27,decoding,3,1,60,61,768,60,60,59,4.813578729512051e-14
e27,decoding,3,2,60,61,768,60,60,60,9.585360827508803e-14
e27,decoding,3,3,60,61,768,60,60,59,5.809731780626701e-14
e27,decoding,3,4,60,61,768,60,60,60,4.848409255774801e-14
e27,decoding,3,5,60,61,768,60,60,60,2.1065502283711206e-13
e27,decoding,3,6,60,61,768,60,60,58,3.923310478236161e-13
e27,decoding,3,7,60,61,768,60,60,59,1.0003327142661802e-13
e27,decoding,3,8,60,61,768,60,60,58,5.506009591615521e-13
e27,decoding,4,1,60,61,768,60,60,60,4.792680413754401e-14
e27,decoding,4,2,60,61,768,60,60,59,2.6081098065547205e-13
e27,decoding,4,3,60,61,768,60,60,60,6.408816832346002e-14
e27,decoding,4,4,60,61,768,60,60,59,7.606986935784601e-14
e27,decoding,4,5,60,61,768,60,60,59,7.941359987907002e-14
e27,decoding,4,6,60,61,768,60,60,60,6.074443780223601e-14
e27,decoding,4,7,60,61,768,60,60,60,4.3886463091065013e-14
e27,decoding,4,8,60,61,768,60,60,60,3.678103573346401e-14
e27,decoding,5,1,60,61,768,60,60,60,1.3319193242875604e-13
e27,decoding,5,2,60,61,768,60,60,60,9.585360827508803e-14
e27,decoding,5,3,60,61,768,60,60,59,1.2817633664692003e-13
e27,decoding,5,4,60,61,768,60,60,59,9.446038722457803e-14
e27,decoding,5,5,60,61,768,60,60,60,6.882511989519401e-14
e27,decoding,5,6,60,61,768,60,60,58,8.192139776998802e-14
e30,session1_training_pre,1,1,60,61,768,60,60,60,1.0588479983876003e-13
e30,session1_training_pre,1,2,60,61,768,60,60,60,1.1257226088120803e-13
e30,session1_training_pre,1,3,60,61,768,60,60,60,1.4712414293385605e-13
e30,session1_training_pre,1,4,60,61,768,60,60,60,3.065086311122001e-13
e30,session1_training_pre,1,5,60,61,768,60,60,60,1.4890746587850883e-12
e30,session1_training_pre,1,6,60,61,768,60,60,60,2.5858182697465606e-13
e30,session1_training_pre,1,7,60,61,768,60,60,60,5.1270534658768014e-14
e30,decoding,1,1,60,61,768,60,60,60,4.614348119289121e-13
e30,decoding,1,2,60,61,768,60,60,60,2.7307132589996006e-13
e30,decoding,1,3,60,61,768,60,60,60,6.341942221921521e-13
e30,decoding,1,4,60,61,768,60,60,60,3.811852794195361e-13
e30,decoding,1,5,60,61,768,60,60,60,4.748097340138082e-13
e30,decoding,1,6,60,61,768,60,60,60,5.004450013431922e-13
e30,decoding,2,1,60,61,768,60,60,60,7.969224408917202e-14
e30,decoding,2,2,60,61,768,60,60,60,2.2737367544323206e-13
e30,decoding,2,3,60,61,768,60,60,60,1.2538989454590004e-13
e30,decoding,2,4,60,61,768,60,60,60,6.617799989922502e-14
e30,decoding,2,5,60,61,768,60,60,60,4.068205467489201e-14
e30,decoding,2,6,60,61,768,60,60,60,7.774173461845802e-14
e30,decoding,2,7,60,61,768,60,60,59,1.1034310720039203e-13
e30,decoding,2,8,60,61,768,60,60,60,1.1368683772161603e-13
e30,decoding,3,1,60,61,768,60,60,60,1.2538989454590004e-13
e30,decoding,3,2,60,61,768,60,60,60,5.595175738848162e-13
e30,decoding,3,3,60,61,768,60,60,60,8.024953250937603e-14
e30,decoding,3,4,60,61,768,60,60,60,1.5269702713589603e-13
e30,decoding,3,5,60,61,768,60,60,60,8.136410934978402e-14
e30,decoding,3,6,60,61,768,60,60,60,1.1201497246100404e-13
e30,decoding,3,7,60,61,768,60,60,60,1.5158245029548803e-13
e30,decoding,3,8,60,61,768,60,60,60,2.4576419330996405e-13
e30,decoding,4,1,60,61,768,60,60,60,2.0118111969364404e-13
e30,decoding,4,2,60,61,768,60,60,60,3.1932626477689206e-13
e30,decoding,4,3,60,61,768,60,60,60,1.1981701034386003e-13
e30,decoding,4,4,60,61,768,60,60,60,3.1542524583546407e-13
e30,decoding,4,5,60,61,768,60,60,60,2.4743605857057604e-13
e30,decoding,4,6,60,61,768,60,60,60,1.1424412614182003e-13
e30,decoding,4,7,60,61,768,60,60,60,1.5269702713589603e-13
e30,decoding,4,8,60,61,768,60,60,60,8.916614723264002e-14
e30,decoding,5,1,60,61,768,60,60,60,4.123934309509601e-13
e30,decoding,5,2,60,61,768,60,60,59,3.522062815689281e-13
e30,decoding,5,3,60,61,768,60,60,60,4.5251819720564813e-13
e30,decoding,5,4,60,61,768,60,60,60,6.999542557762242e-13
e30,decoding,5,5,60,61,768,60,60,60,3.421750900052561e-13
e30,decoding,5,6,60,61,768,60,60,60,4.469453130036081e-13
e31,session1_training_pre,1,1,60,61,768,60,60,59,3.469120415769901e-14
e31,session1_training_pre,1,2,60,61,768,60,60,59,2.351757133260881e-13
e31,session1_training_pre,1,3,60,61,768,60,60,59,2.7084217221914407e-13
e31,session1_training_pre,1,4,60,61,768,60,60,59,5.4614265179992016e-14
e31,session1_training_pre,1,5,60,61,768,60,60,60,1.4210854715202004e-13
e31,session1_training_pre,1,6,60,61,768,60,60,60,1.9449365865119604e-13
e31,session1_training_pre,1,7,60,61,768,60,60,60,1.0449157878825002e-13
e31,session1_training_pre,1,8,60,61,768,60,60,60,3.399459363244401e-14
e31,decoding,1,1,60,61,768,60,60,60,3.209981300375041e-13
e31,decoding,1,2,60,61,768,60,60,60,5.043460202846201e-14
e31,decoding,1,3,60,61,768,60,60,59,1.4879600819446804e-13
e31,decoding,1,4,60,61,768,60,60,60,1.5604075765712004e-13
e31,decoding,1,5,60,61,768,60,60,60,2.1622790703915205e-13
e31,decoding,1,6,60,61,768,60,60,60,1.9449365865119604e-13
e31,decoding,2,1,60,61,768,60,60,60,5.260802686725762e-13
e31,decoding,2,2,60,61,768,60,60,60,1.0811395351957602e-13
e31,decoding,2,3,60,61,768,60,60,60,2.3266791543517004e-13
e31,decoding,2,4,60,61,768,60,60,60,2.3238927122506804e-13
e31,decoding,2,5,60,61,768,60,60,60,1.8724890918854404e-13
e31,decoding,2,6,60,61,768,60,60,60,1.0811395351957602e-13
e31,decoding,2,7,60,61,768,60,60,60,4.7090871507238015e-14
e31,decoding,2,8,60,61,768,60,60,60,2.368475785867001e-13
e31,decoding,3,1,60,61,768,60,60,60,1.6412143975007804e-13
e31,decoding,3,2,60,61,768,60,60,60,1.6272821869956805e-13
e31,decoding,3,3,60,61,768,60,60,60,6.241630306284802e-14
e31,decoding,3,4,60,61,768,60,60,60,1.9616552391180806e-13
e31,decoding,3,5,60,61,768,60,60,60,2.680557301181241e-13
e31,decoding,3,6,60,61,768,60,60,60,3.544354352497441e-13
e31,decoding,3,7,60,61,768,60,60,60,2.4788188930673927e-12
e31,decoding,3,8,60,61,768,60,60,60,2.5412351961302407e-13
e31,decoding,4,1,60,61,768,60,60,60,2.8666916335293767e-12
e31,decoding,4,2,60,61,768,60,60,60,4.636639656097281e-13
e31,decoding,4,3,60,61,768,60,60,60,4.647785424501361e-13
e31,decoding,4,4,60,61,768,60,60,60,7.712871735623362e-13
e31,decoding,4,5,60,61,768,60,60,60,1.9036972434168646e-12
e31,decoding,4,6,60,61,768,60,60,60,2.1934872219229445e-12
e31,decoding,4,7,60,61,768,60,60,60,3.956747783448401e-13
e31,decoding,4,8,60,61,768,60,60,60,7.175088410126502e-14
e31,decoding,5,1,60,61,768,60,60,60,1.1758785666304404e-13
e31,decoding,5,2,60,61,768,60,60,60,2.1176959967752006e-13
e31,decoding,5,3,60,61,768,60,60,60,5.990850517193002e-14
e31,decoding,5,4,60,61,768,60,60,60,7.690580198815202e-14
e31,decoding,5,5,60,61,768,60,60,60,2.8978997850608006e-13
e31,decoding,5,6,60,61,768,60,60,60,4.859555024178881e-13
e32,session1_training_pre,1,1,60,61,768,60,60,60,2.2402994492200807e-13
e32,session1_training_pre,1,2,60,61,768,60,60,59,1.0811395351957602e-13
e32,session1_training_pre,1,3,60,61,768,60,60,60,1.8000415972589204e-13
e32,session1_training_pre,1,4,60,61,768,60,60,59,1.4740278714395804e-13
e32,session1_training_pre,1,5,60,61,768,60,60,58,3.377167826436241e-13
e32,session1_training_pre,1,6,60,61,768,60,60,60,2.1734248387956007e-13
e32,session1_training_pre,1,7,60,61,768,60,60,60,1.6133499764905805e-13
e32,session1_training_pre,1,8,60,61,768,60,60,60,2.8923269008587606e-13
e32,decoding,1,1,60,61,768,60,60,60,9.780411774580203e-14
e32,decoding,1,2,60,61,768,60,60,60,3.856435867811681e-13
e32,decoding,1,3,60,61,768,60,60,59,1.3068413453783802e-13
e32,decoding,1,4,60,61,768,60,60,58,1.1647327982263602e-13
e32,decoding,1,5,60,61,768,60,60,60,3.678103573346401e-13
e32,decoding,1,6,60,61,768,60,60,60,8.415055145080403e-14
e32,decoding,2,1,60,61,768,60,60,60,1.5492618081671205e-13
e32,decoding,2,2,60,61,768,60,60,60,1.4433770083283603e-13
e32,decoding,2,3,60,61,768,60,60,60,1.2204616402467603e-13
e32,decoding,2,4,60,61,768,60,60,60,9.585360827508803e-14
e32,decoding,2,5,60,61,768,60,60,60,2.8978997850608006e-13
e32,decoding,2,6,60,61,768,60,60,60,2.0173840811384804e-13
e32,decoding,2,7,60,61,768,60,60,60,1.0755666509937202e-13
e32,decoding,2,8,60,61,768,60,60,60,1.4991058503487604e-13
e32,decoding,3,1,60,61,768,60,60,58,5.572884202040001e-14
e32,decoding,3,2,60,61,768,60,60,60,1.4322312399242803e-13
e32,decoding,3,3,60,61,768,60,60,60,6.576003358407202e-14
e32,decoding,3,4,60,61,768,60,60,59,4.681222729713601e-14
e32,decoding,3,5,60,61,768,60,60,59,1.6049906501875205e-13
e32,decoding,3,6,60,61,768,60,60,60,1.6272821869956805e-13
e32,decoding,3,7,60,61,768,60,60,59,3.692035783851501e-14
e32,decoding,3,8,60,61,768,60,60,59,7.551258093764202e-14
e32,decoding,4,1,60,61,768,60,60,59,8.220004198009002e-14
e32,decoding,4,2,60,61,768,60,60,60,2.7530047958077605e-13
e32,decoding,4,3,60,61,768,60,60,59,2.836598058838361e-13
e32,decoding,4,4,60,61,768,60,60,60,1.0393429036804602e-13
e32,decoding,4,5,60,61,768,60,60,59,3.767269720579041e-13
e32,decoding,4,6,60,61,768,60,60,60,2.530089427726161e-13
e32,decoding,4,7,60,61,768,60,60,60,7.356207146692802e-13
e32,decoding,4,8,60,61,768,60,60,60,3.1765439951628007e-13
e32,decoding,5,1,60,61,768,60,60,60,9.250987775386402e-14
e32,decoding,5,2,60,61,768,60,60,60,1.0226242510743403e-13
e32,decoding,5,3,60,61,768,60,60,60,2.374048670069041e-13
e32,decoding,5,4,60,61,768,60,60,59,7.941359987907002e-14
e32,decoding,5,5,60,61,768,60,60,59,1.5659804607732404e-13
e32,decoding,5,6,60,61,768,60,60,60,1.6440008396018004e-13
e33,session1_training_pre,1,1,60,61,768,60,60,60,5.962986096182802e-14
e33,session1_training_pre,1,2,60,61,768,60,60,60,1.1285090509131003e-13
e33,session1_training_pre,1,3,60,61,768,60,60,60,3.0316490059097606e-13
e33,session1_training_pre,1,4,60,61,768,60,60,60,1.0783530930947402e-13
e33,session1_training_pre,1,5,60,61,768,60,60,60,4.848409255774801e-14
e33,session1_training_pre,1,6,60,61,768,60,60,60,3.366022058032161e-13
e33,session1_training_pre,1,7,60,61,768,60,60,60,9.724682932559802e-14
e33,session1_training_pre,1,8,60,61,768,60,60,60,2.1065502283711206e-13
e33,decoding,1,1,60,61,768,60,60,58,6.784986515983702e-14
e33,decoding,1,2,60,61,768,60,60,60,2.3071740596445605e-13
e33,decoding,1,3,60,61,768,60,60,60,7.913495566896802e-14
e33,decoding,1,4,60,61,768,60,60,59,1.2148887560447203e-13
e33,decoding,1,5,60,61,768,60,60,60,9.947598300641403e-14
e33,decoding,1,6,60,61,768,60,60,60,1.5604075765712004e-13
e33,decoding,2,1,60,61,768,60,60,60,2.0173840811384804e-13
e33,decoding,2,2,60,61,768,60,60,60,7.846620956472322e-13
e33,decoding,2,3,60,61,768,60,60,60,2.1176959967752006e-13
e33,decoding,2,4,60,61,768,60,60,60,7.300478304672402e-14
e33,decoding,2,5,60,61,768,60,60,59,2.0062383127344005e-13
e33,decoding,2,6,60,61,768,60,60,60,1.0644208825896403e-13
e33,decoding,2,7,60,61,768,60,60,60,3.524849257790301e-14
e33,decoding,2,8,60,61,768,60,60,60,2.5077978909180006e-14
e33,decoding,3,1,60,61,768,60,60,60,1.0309835773774003e-13
e33,decoding,3,2,60,61,768,60,60,60,4.458307361632001e-13
e33,decoding,3,3,60,61,768,60,60,59,3.544354352497441e-13
e33,decoding,3,4,60,61,768,60,60,60,2.1789977229976407e-13
e33,decoding,3,5,60,61,768,60,60,60,3.923310478236161e-13
e33,decoding,3,6,60,61,768,60,60,59,1.4043668189140804e-13
e33,decoding,3,7,60,61,768,60,60,58,2.2430858913211005e-14
e33,decoding,3,8,60,61,768,60,60,59,3.510917047285201e-13
e33,decoding,4,1,60,61,768,60,60,60,1.0499313836643362e-12
e33,decoding,4,2,60,61,768,60,60,58,6.687461042448002e-14
e33,decoding,4,3,60,61,768,60,60,60,1.1034310720039203e-13
e33,decoding,4,4,60,61,768,60,60,60,1.4266583557222404e-13
e33,decoding,4,5,60,61,768,60,60,60,3.834144331003521e-13
e33,decoding,4,6,60,61,768,60,60,58,2.920191321868961e-13
e33,decoding,4,7,60,61,768,60,60,60,8.872031649647682e-13
e33,decoding,4,8,60,61,768,60,60,60,2.1288417651792806e-13
e33,decoding,5,1,60,61,768,60,60,60,1.1034310720039202e-12
e33,decoding,5,2,60,61,768,60,60,60,1.1903680655557443e-12
e33,decoding,5,3,60,61,768,60,60,60,4.636639656097281e-13
e33,decoding,5,4,60,61,768,60,60,59,5.956298635140353e-12
e33,decoding,5,5,60,61,768,60,60,60,1.5492618081671205e-13
e33,decoding,5,6,60,61,768,60,60,60,1.0521605373451524e-12
e36,session1_training_pre,1,1,60,61,768,60,60,59,2.953628627081201e-13
e36,session1_training_pre,1,2,60,61,768,60,60,60,1.0504886720845403e-13
e36,session1_training_pre,1,3,60,61,768,60,60,60,4.564192161470761e-13
e36,session1_training_pre,1,4,60,61,768,60,60,60,4.3357039091871214e-13
e36,session1_training_pre,1,5,60,61,768,60,60,60,1.9505094707140004e-13
e36,session1_training_pre,1,6,60,61,768,60,60,60,3.0427947743138406e-13
e36,session1_training_pre,1,7,60,61,768,60,60,60,1.4127261452171404e-13
e36,session1_training_pre,1,8,60,61,768,60,60,60,2.3851944384731207e-13
e36,decoding,1,1,60,61,768,60,60,60,4.681222729713601e-14
e36,decoding,1,2,60,61,768,60,60,60,1.6857974711171005e-13
e36,decoding,1,3,60,61,768,60,60,58,1.0086920405692402e-13
e36,decoding,1,4,60,61,768,60,60,60,2.0118111969364404e-13
e36,decoding,1,5,60,61,768,60,60,60,1.1034310720039203e-13
e36,decoding,1,6,60,61,768,60,60,60,5.712206307091001e-14
e36,decoding,2,1,60,61,768,60,60,60,6.353087990325602e-14
e36,decoding,2,2,60,61,768,60,60,59,1.3235599979845004e-13
e36,decoding,2,3,60,61,768,60,60,59,4.391432751207521e-13
e36,decoding,2,4,60,61,768,60,60,59,1.1090039562059603e-13
e36,decoding,2,5,60,61,768,60,60,60,1.6217093027936405e-13
e36,decoding,2,6,60,61,768,60,60,60,3.1653982267587207e-13
e36,decoding,2,7,60,61,768,60,60,60,3.555500120901521e-13
e36,decoding,2,8,60,61,768,60,60,60,2.3963402068772006e-14
e36,decoding,3,1,60,61,768,60,60,60,2.0647535968558205e-13
e36,decoding,3,2,60,61,768,60,60,59,2.496652122513921e-13
e36,decoding,3,3,60,61,768,60,60,60,6.882511989519401e-14
e36,decoding,3,4,60,61,768,60,60,60,8.693699355182402e-14
e36,decoding,3,5,60,61,768,60,60,60,1.1814514508324804e-13
e36,decoding,3,6,60,61,768,60,60,60,4.547473508864641e-13
e36,decoding,3,7,60,61,768,60,60,60,1.4545227767324403e-13
e36,decoding,3,8,60,61,768,60,60,60,2.814306522030201e-13
e36,decoding,4,1,60,61,768,60,60,59,2.2625909860282406e-13
e36,decoding,4,2,60,61,768,60,60,60,8.554377250131402e-14
e36,decoding,4,3,60,61,768,60,60,59,9.655021880034302e-14
e36,decoding,4,4,60,61,768,60,60,60,1.3179871137824605e-13
e36,decoding,4,5,60,61,768,60,60,60,1.4099397031161204e-13
e36,decoding,4,6,60,61,768,60,60,60,1.1786650087314604e-13
e36,decoding,4,7,60,61,768,60,60,59,1.3374922084896004e-13
e36,decoding,4,8,60,61,768,60,60,60,2.5913911539486006e-13
e36,decoding,5,1,60,61,768,60,60,60,7.216885041641801e-14
e36,decoding,5,2,60,61,768,60,60,60,6.492410095376601e-14
e36,decoding,5,3,60,61,768,60,60,60,4.625493887693201e-14
e36,decoding,5,4,60,61,768,60,60,60,6.152464159052162e-13
e36,decoding,5,5,60,61,768,60,60,60,2.920191321868961e-13
e36,decoding,5,6,60,61,768,60,60,60,1.1591599140243202e-13
e37,session1_training_pre,1,1,60,61,768,60,60,60,2.1490434704116755e-14
e37,session1_training_pre,1,2,60,61,768,60,60,60,1.9059263970976805e-13
e37,session1_training_pre,1,3,60,61,768,60,60,60,2.5774589434435007e-14
e37,session1_training_pre,1,4,60,61,768,60,60,60,4.937575403007441e-13
e37,session1_training_pre,1,5,60,61,768,60,60,60,3.678103573346401e-13
e37,session1_training_pre,1,6,60,61,768,60,60,60,5.606321507252242e-13
e37,session1_training_pre,1,7,60,61,768,60,60,60,6.431108369154162e-13
e37,session1_training_pre,1,8,60,61,768,60,60,60,2.975920163889361e-13
e37,decoding,1,1,60,61,768,60,60,59,2.2291536808160005e-13
e37,decoding,1,2,60,61,768,60,60,60,1.2538989454590004e-13
e37,decoding,1,3,60,61,768,60,60,60,2.6192555749588005e-14
e37,decoding,1,4,60,61,768,60,60,60,6.074443780223601e-14
e37,decoding,1,5,60,61,768,60,60,60,1.7331669868344404e-13
e37,decoding,1,6,60,61,768,60,60,59,2.948055742879161e-13
e37,decoding,2,1,60,61,768,60,60,59,5.4614265179992016e-14
e37,decoding,2,2,60,61,768,60,60,59,1.3709295137018403e-13
e37,decoding,2,3,60,61,768,60,60,60,1.0059055984682202e-13
e37,decoding,2,4,60,61,768,60,60,60,1.6774381448140405e-13
e37,decoding,2,5,60,61,768,60,60,59,2.3127469438466006e-14
e37,decoding,2,6,60,61,768,60,60,60,4.7578498874916514e-14
e37,decoding,2,7,60,61,768,60,60,60,4.096069888499401e-14
e37,decoding,2,8,60,61,768,60,60,60,2.6819505222317506e-14
e37,decoding,3,1,60,61,768,60,60,59,1.3820752821059202e-13
e37,decoding,3,2,60,61,768,60,60,60,2.8421709430404007e-13
e37,decoding,3,3,60,61,768,60,60,60,2.5746725013424806e-13
e37,decoding,3,4,60,61,768,60,60,60,2.2402994492200807e-13
e37,decoding,3,5,60,61,768,60,60,60,1.1117903983069803e-13
e37,decoding,3,6,60,61,768,60,60,60,8.665834934172202e-14
e37,decoding,3,7,60,61,768,60,60,60,6.938240831539802e-14
e37,decoding,3,8,60,61,768,60,60,60,2.365689343765981e-13
e37,decoding,4,1,60,61,768,60,60,60,1.8446246708752405e-13
e37,decoding,4,2,60,61,768,60,60,60,1.1535870298222802e-13
e37,decoding,4,3,60,61,768,60,60,60,1.8501975550772805e-13
e37,decoding,4,4,60,61,768,60,60,60,4.151798730519801e-14
e37,decoding,4,5,60,61,768,60,60,60,1.2148887560447203e-13
e37,decoding,4,6,60,61,768,60,60,60,2.2737367544323206e-13
e37,decoding,4,7,60,61,768,60,60,60,6.241630306284802e-14
e37,decoding,4,8,60,61,768,60,60,60,3.566645889305601e-13
e37,decoding,5,2,60,61,768,60,60,59,2.2068621440078406e-13
e37,decoding,5,3,60,61,768,60,60,60,9.947598300641403e-14
e37,decoding,5,4,60,61,768,60,60,60,2.5523809645343207e-13
e37,decoding,5,5,60,61,768,60,60,60,2.836598058838361e-13
e37,decoding,5,6,60,61,768,60,60,60,9.808276195590403e-14
e37,decoding,5,7,60,61,768,60,60,60,6.910376410529601e-14
e38,session1_training_pre,1,1,60,61,768,60,60,60,1.6941567974201605e-13
e38,session1_training_pre,1,2,60,61,768,60,60,60,2.357330017462921e-13
e38,session1_training_pre,1,3,60,61,768,60,60,60,1.0867124193978003e-13
e38,session1_training_pre,1,4,60,61,768,60,60,60,3.377167826436241e-13
e38,session1_training_pre,1,5,60,61,768,60,60,60,3.399459363244401e-14
e38,session1_training_pre,1,6,60,61,768,60,60,60,3.3325847528199206e-13
e38,session1_training_pre,1,7,60,61,768,60,60,60,9.083801249325203e-14
e38,session1_training_pre,1,8,60,61,768,60,60,60,2.5746725013424806e-13
e38,decoding,1,1,60,61,768,60,60,60,2.4130588594833206e-13
e38,decoding,1,2,60,61,768,60,60,60,2.1734248387956007e-13
e38,decoding,1,3,60,61,768,60,60,59,1.1870243350345204e-13
e38,decoding,1,4,60,61,768,60,60,60,1.1758785666304404e-13
e38,decoding,1,5,60,61,768,60,60,60,4.3886463091065013e-14
e38,decoding,1,6,60,61,768,60,60,60,5.4474943074941016e-14
e38,decoding,2,1,60,61,768,60,60,60,1.1983930188066819e-11
e38,decoding,2,2,60,61,768,60,60,60,1.3374922084896004e-12
e38,decoding,2,3,60,61,768,60,60,60,8.470783987100802e-13
e38,decoding,2,4,60,61,768,60,60,60,6.865793336913282e-13
e38,decoding,2,5,60,61,768,60,60,60,7.601414051582562e-13
e38,decoding,2,6,60,61,768,60,60,60,4.129507193711641e-13
e38,decoding,2,7,60,61,768,60,60,60,7.177874852227522e-13
e38,decoding,2,8,60,61,768,60,60,60,7.802037882856002e-13
e38,decoding,3,1,60,61,768,60,60,60,1.3319193242875604e-13
e38,decoding,3,2,60,61,768,60,60,60,1.3096277874794002e-13
e38,decoding,3,3,60,61,768,60,60,60,1.3765023979038803e-13
e38,decoding,3,4,60,61,768,60,60,59,1.7164483342283204e-13
e38,decoding,3,5,60,61,768,60,60,60,1.6161364185916005e-13
e38,decoding,3,6,60,61,768,60,60,59,1.7108754500262804e-13
e38,decoding,3,7,60,61,768,60,60,60,1.0281971352763803e-13
e38,decoding,3,8,60,61,768,60,60,59,9.724682932559802e-14
e38,decoding,4,1,60,61,768,60,60,60,4.040341046479001e-14
e38,decoding,4,2,60,61,768,60,60,60,3.225306731930651e-14
e38,decoding,4,3,60,61,768,60,60,60,4.820544834764601e-14
e38,decoding,4,4,60,61,768,60,60,60,2.496652122513921e-13
e38,decoding,4,5,60,61,768,60,60,59,2.1567061861894805e-13
e38,decoding,4,6,60,61,768,60,60,60,5.3221044129482014e-14
e38,decoding,4,7,60,61,768,60,60,60,7.189020620631602e-14
e38,decoding,4,8,60,61,768,60,60,60,2.1957163756037606e-13
e38,decoding,5,1,60,61,768,60,60,60,3.176543995162801e-14
e38,decoding,5,2,60,61,768,60,60,60,1.0922853035998403e-13
e38,decoding,5,3,60,61,768,60,60,60,3.301933889708701e-14
e38,decoding,5,4,60,61,768,60,60,60,4.820544834764601e-14
e38,decoding,5,5,60,61,768,60,60,60,4.033374941226451e-14
e38,decoding,5,6,60,61,768,60,60,60,1.9170721655017605e-13
e39,session1_training_pre,1,1,60,61,768,60,60,60,5.405697675978801e-14
e39,session1_training_pre,1,2,60,61,768,60,60,60,2.6053233644537006e-14
e39,session1_training_pre,1,3,60,61,768,60,60,60,5.907257254162402e-14
e39,session1_training_pre,1,4,60,61,768,60,60,60,3.803493467892301e-14
e39,session1_training_pre,1,5,60,61,768,60,60,60,1.2009565455396203e-13
e39,session1_training_pre,1,6,60,61,768,60,60,60,5.935121675172602e-14
e39,session1_training_pre,1,7,60,61,768,60,60,60,8.930546933769102e-14
e39,session1_training_pre,1,8,60,61,768,60,60,60,2.1622790703915205e-13
e39,decoding,1,1,60,61,768,60,60,60,3.134747363647501e-14
e39,decoding,1,2,60,61,768,60,60,60,2.2737367544323206e-13
e39,decoding,1,3,60,61,768,60,60,60,2.518943659322081e-13
e39,decoding,1,4,60,61,768,60,60,60,6.192867569516951e-14
e39,decoding,1,5,60,61,768,60,60,60,2.2068621440078406e-13
e39,decoding,1,6,60,61,768,60,60,60,1.0198378089733203e-13
e39,decoding,2,1,60,61,768,60,60,60,1.3152006716814405e-13
e39,decoding,2,2,60,61,768,60,60,60,5.238511149917601e-14
e39,decoding,2,3,60,61,768,60,60,60,5.572884202040001e-14
e39,decoding,2,4,60,61,768,60,60,60,5.3221044129482014e-14
e39,decoding,2,5,60,61,768,60,60,60,8.512580618616102e-14
e39,decoding,2,6,60,61,768,60,60,60,1.6049906501875205e-13
e39,decoding,2,7,60,61,768,60,60,60,3.288001679203601e-13
e39,decoding,2,8,60,61,768,60,60,60,4.7648159927442014e-14
e39,decoding,3,1,60,61,768,60,60,60,1.3709295137018403e-13
e39,decoding,3,2,60,61,768,60,60,60,8.596173881646702e-14
e39,decoding,3,3,60,61,768,60,60,60,7.411935988713202e-14
e39,decoding,3,4,60,61,768,60,60,60,5.029527992341101e-14
e39,decoding,3,5,60,61,768,60,60,60,3.984612204458601e-14
e39,decoding,3,6,60,61,768,60,60,60,3.524849257790301e-14
e39,decoding,3,7,60,61,768,60,60,60,8.136410934978402e-14
e39,decoding,3,8,60,61,768,60,60,60,1.8892077444915606e-13
e39,decoding,4,1,60,61,768,60,60,60,3.914951151933101e-14
e39,decoding,4,2,60,61,768,60,60,60,4.3538157828437514e-14
e39,decoding,4,3,60,61,768,60,60,60,6.478477884871501e-14
e39,decoding,4,4,60,61,768,60,60,60,2.2180079124119205e-13
e39,decoding,4,5,60,61,768,60,60,60,2.1622790703915205e-13
e39,decoding,4,6,60,61,768,60,60,60,1.2232480823477803e-13
e39,decoding,4,7,60,61,768,60,60,60,6.603867779417402e-14
e39,decoding,4,8,60,61,768,60,60,60,8.317529671544702e-14
e39,decoding,5,1,60,61,768,60,60,60,1.5269702713589603e-13
e39,decoding,5,2,60,61,768,60,60,60,4.862341466279901e-14
e39,decoding,5,3,60,61,768,60,60,60,1.0281971352763803e-13
e39,decoding,5,4,60,61,768,60,60,60,3.979039320256561e-13
e39,decoding,5,5,60,61,768,60,60,60,1.7498856394405606e-13
e39,decoding,5,6,60,61,768,60,60,60,1.6941567974201605e-13
e40,session1_training_pre,1,1,60,61,768,60,60,60,1.4573092188334605e-13
e40,session1_training_pre,1,2,60,61,768,60,60,60,2.0368891758456206e-13
e40,session1_training_pre,1,3,60,61,768,60,60,60,2.4297775120894406e-13
e40,session1_training_pre,1,4,60,61,768,60,60,60,2.502225006715961e-13
e40,session1_training_pre,1,5,60,61,768,60,60,60,2.374048670069041e-13
e40,session1_training_pre,1,6,60,61,768,60,60,60,7.935787103704962e-13
e40,session1_training_pre,1,7,60,61,768,60,60,60,1.7164483342283204e-13
e40,session1_training_pre,1,8,60,61,768,60,60,60,2.775296332615921e-13
e40,decoding,1,1,60,61,768,60,60,60,1.6941567974201605e-13
e40,decoding,1,2,60,61,768,60,60,60,2.2514452176241607e-13
e40,decoding,1,3,60,61,768,60,60,60,1.1368683772161603e-13
e40,decoding,1,4,60,61,768,60,60,59,3.923310478236161e-13
e40,decoding,1,5,60,61,768,60,60,57,1.3642420526593924e-12
e40,decoding,1,6,60,61,768,60,60,58,5.216219613109441e-13
e40,decoding,2,1,60,61,768,60,60,60,2.2542316597251807e-13
e40,decoding,2,2,60,61,768,60,60,56,1.4210854715202004e-13
e40,decoding,2,3,60,61,768,60,60,60,3.198835531970961e-13
e40,decoding,2,4,60,61,768,60,60,59,4.447161593227921e-13
e40,decoding,2,5,60,61,768,60,60,59,1.8501975550772805e-13
e40,decoding,2,6,60,61,768,60,60,60,2.964774395485281e-13
e40,decoding,2,7,60,61,768,60,60,59,6.197047232668482e-13
e40,decoding,2,8,60,61,768,60,60,60,1.0298690005369922e-12
e40,decoding,3,1,60,61,768,60,60,60,1.8501975550772805e-13
e40,decoding,3,2,60,61,768,60,60,58,1.0086920405692402e-13
e40,decoding,3,3,60,61,768,60,60,59,3.209981300375041e-13
e40,decoding,3,4,60,61,768,60,60,59,2.1789977229976407e-13
e40,decoding,3,5,60,61,768,60,60,60,2.2848825228364006e-13
e40,decoding,3,6,60,61,768,60,60,59,7.489956367541762e-13
e40,decoding,3,7,60,61,768,60,60,60,1.6049906501875205e-13
e40,decoding,3,8,60,61,768,60,60,59,2.2291536808160005e-13
e40,decoding,4,1,60,61,768,60,60,60,5.316531528746162e-13
e40,decoding,4,2,60,61,768,60,60,59,9.317862385810882e-13
e40,decoding,4,3,60,61,768,60,60,60,3.728259531164761e-13
e40,decoding,4,4,60,61,768,60,60,60,4.246537761954481e-13
e40,decoding,4,5,60,61,768,60,60,60,6.241630306284802e-13
e40,decoding,4,6,60,61,768,60,60,60,4.190808919934081e-13
e40,decoding,4,7,60,61,768,60,60,59,7.133291778611202e-13
e40,decoding,4,8,60,61,768,60,60,57,1.2817633664692003e-13
e40,decoding,5,1,60,61,768,60,60,60,1.6049906501875204e-12
e40,decoding,5,2,60,61,768,60,60,59,4.413724288015681e-13
e40,decoding,5,3,60,61,768,60,60,60,2.2625909860282406e-13
e40,decoding,5,4,60,61,768,60,60,59,5.684341886080801e-13
e40,decoding,5,5,60,61,768,60,60,59,3.232272837183201e-13
e40,decoding,5,6,60,61,768,60,60,60,5.606321507252242e-13
e41,session1_training_pre,1,1,60,61,768,60,60,60,3.399459363244401e-13
e41,session1_training_pre,1,2,60,61,768,60,60,60,2.995425258596501e-14
e41,session1_training_pre,1,3,60,61,768,60,60,60,4.040341046479001e-14
e41,session1_training_pre,1,4,60,61,768,60,60,60,4.430442940621801e-14
e41,session1_training_pre,1,5,60,61,768,60,60,60,5.851528412142001e-14
e41,session1_training_pre,1,6,60,61,768,60,60,60,4.876273676785001e-14
e41,session1_training_pre,1,7,60,61,768,60,60,60,1.8947806286936006e-13
e41,session1_training_pre,1,8,60,61,768,60,60,60,4.748097340138082e-13
e41,decoding,1,1,60,61,768,60,60,60,2.4799334699078004e-13
e41,decoding,1,2,60,61,768,60,60,60,3.6363069418311007e-14
e41,decoding,1,3,60,61,768,60,60,60,1.9505094707140004e-13
e41,decoding,1,4,60,61,768,60,60,60,3.970679993953501e-14
e41,decoding,1,5,60,61,768,60,60,60,2.0731129231588805e-13
e41,decoding,1,6,60,61,768,60,60,60,1.3319193242875604e-13
e41,decoding,2,1,60,61,768,60,60,60,3.555500120901521e-13
e41,decoding,2,2,60,61,768,60,60,60,6.485443990124051e-14
e41,decoding,2,3,60,61,768,60,60,60,1.9950925443303205e-13
e41,decoding,2,4,60,61,768,60,60,60,1.6440008396018004e-13
e41,decoding,2,5,60,61,768,60,60,60,8.233936408514102e-14
e41,decoding,2,6,60,61,768,60,60,60,1.0477022299835202e-13
e41,decoding,2,7,60,61,768,60,60,60,4.472239572137101e-14
e41,decoding,2,8,60,61,768,60,60,60,9.139530091345603e-14
e41,decoding,3,1,60,61,768,60,60,60,1.4210854715202004e-13
e41,decoding,3,2,60,61,768,60,60,60,3.427323784254601e-14
e41,decoding,3,3,60,61,768,60,60,60,3.209981300375041e-13
e41,decoding,3,4,60,61,768,60,60,60,1.5018922924497804e-13
e41,decoding,3,5,60,61,768,60,60,60,6.408816832346002e-14
e41,decoding,3,6,60,61,768,60,60,60,5.0852568343615016e-14
e41,decoding,3,7,60,61,768,60,60,60,1.5548346923691604e-13
e41,decoding,3,8,60,61,768,60,60,60,9.418174301447603e-14
e41,decoding,4,1,60,61,768,60,60,60,1.3597837452977603e-13
e41,decoding,4,2,60,61,768,60,60,60,1.5604075765712004e-13
e41,decoding,4,3,60,61,768,60,60,60,5.893325043657302e-14
e41,decoding,4,4,60,61,768,60,60,60,5.614680833555302e-14
e41,decoding,4,5,60,61,768,60,60,60,9.919733879631203e-14
e41,decoding,4,6,60,61,768,60,60,60,1.9003535128956406e-13
e41,decoding,4,7,60,61,768,60,60,60,2.1288417651792806e-13
e41,decoding,4,8,60,61,768,60,60,60,1.5715533449752804e-13
e41,decoding,5,1,60,61,768,60,60,60,4.263256414560601e-14
e41,decoding,5,2,60,61,768,60,60,60,7.300478304672402e-14
e41,decoding,5,3,60,61,768,60,60,60,7.411935988713202e-14
e41,decoding,5,4,60,61,768,60,60,60,7.606986935784601e-14
e41,decoding,5,5,60,61,768,60,60,60,1.4489498925304003e-13
e41,decoding,5,6,60,61,768,60,60,60,4.9180703083003015e-14
e42,session1_training_pre,1,1,60,61,768,60,60,60,5.196714518402301e-14
e42,session1_training_pre,1,2,60,61,768,60,60,60,2.4743605857057604e-13
e42,session1_training_pre,1,3,60,61,768,60,60,60,1.9282179339058405e-13
e42,session1_training_pre,1,4,60,61,768,60,60,60,2.2570181018262006e-13
e42,session1_training_pre,1,5,60,61,768,60,60,60,2.8756082482526406e-13
e42,session1_training_pre,1,6,60,61,768,60,60,60,1.7721771762487205e-13
e42,session1_training_pre,1,7,60,61,768,60,60,60,3.588937426113761e-13
e42,session1_training_pre,1,8,60,61,768,60,60,60,2.3016011754425205e-13
e42,decoding,1,1,60,61,768,60,60,60,1.1285090509131003e-13
e42,decoding,1,2,60,61,768,60,60,60,6.798918726488802e-14
e42,decoding,1,3,60,61,768,60,60,60,4.026408835973901e-14
e42,decoding,1,4,60,61,768,60,60,60,2.496652122513921e-13
e42,decoding,1,5,60,61,768,60,60,60,1.2371802928528802e-13
e42,decoding,1,6,60,61,768,60,60,60,1.0198378089733203e-13
e42,decoding,2,1,60,61,768,60,60,60,1.0811395351957602e-13
e42,decoding,2,2,60,61,768,60,60,60,1.3653566294998003e-13
e42,decoding,2,3,60,61,768,60,60,60,8.002661714129442e-13
e42,decoding,2,4,60,61,768,60,60,60,1.3820752821059202e-13
e42,decoding,2,5,60,61,768,60,60,60,2.0563942705527606e-13
e42,decoding,2,6,60,61,768,60,60,59,1.8167602498650406e-13
e42,decoding,2,7,60,61,768,60,60,60,8.317529671544702e-14
e42,decoding,2,8,60,61,768,60,60,60,2.680557301181241e-13
e42,decoding,3,1,60,61,768,60,60,60,6.144104832749101e-14
e42,decoding,3,2,60,61,768,60,60,59,7.606986935784601e-14
e42,decoding,3,3,60,61,768,60,60,60,6.993969673560202e-14
e42,decoding,3,4,60,61,768,60,60,59,8.888750302253802e-14
e42,decoding,3,5,60,61,768,60,60,60,9.808276195590403e-14
e42,decoding,3,6,60,61,768,60,60,60,7.133291778611202e-14
e42,decoding,3,7,60,61,768,60,60,60,1.3542108610957203e-13
e42,decoding,3,8,60,61,768,60,60,60,5.043460202846201e-14
e42,decoding,4,1,60,61,768,60,60,60,2.6125681139163527e-12
e42,decoding,4,2,60,61,768,60,60,60,1.5548346923691604e-13
e42,decoding,4,3,60,61,768,60,60,60,8.888750302253802e-14
e42,decoding,4,4,60,61,768,60,60,60,7.258681673157101e-14
e42,decoding,4,5,60,61,768,60,60,60,2.5356623119282007e-13
e42,decoding,4,6,60,61,768,60,60,60,9.139530091345603e-14
e42,decoding,4,7,60,61,768,60,60,60,1.3932210505100005e-13
e42,decoding,4,8,60,61,768,60,60,60,1.3464088232128644e-12
e42,decoding,5,1,60,61,768,60,60,60,6.999542557762242e-13
e42,decoding,5,2,60,61,768,60,60,60,2.0508213863507206e-13
e42,decoding,5,3,60,61,768,60,60,60,1.3987939347120404e-13
e42,decoding,5,4,60,61,768,60,60,60,3.878727404619841e-13
e42,decoding,5,5,60,61,768,60,60,60,3.945602015044321e-13
e42,decoding,5,6,60,61,768,60,60,60,3.566645889305601e-13
e43,session1_training_pre,1,1,60,61,768,60,60,60,3.377167826436241e-13
e43,session1_training_pre,1,2,60,61,768,60,60,60,4.458307361632001e-13
e43,session1_training_pre,1,3,60,61,768,60,60,59,2.4687877015037205e-13
e43,session1_training_pre,1,4,60,61,768,60,60,60,5.439134981191041e-13
e43,session1_training_pre,1,5,60,61,768,60,60,59,2.630401343362881e-13
e43,session1_training_pre,1,6,60,61,768,60,60,60,1.2984820190753203e-13
e43,session1_training_pre,1,7,60,61,768,60,60,60,2.4186317436853606e-13
e43,session1_training_pre,1,8,60,61,768,60,60,60,7.439800409723402e-14
e43,decoding,1,1,60,61,768,60,60,60,1.6328550711977204e-13
e43,decoding,1,2,60,61,768,60,60,60,1.1145768404080002e-13
e43,decoding,1,3,60,61,768,60,60,59,1.1368683772161603e-13
e43,decoding,1,4,60,61,768,60,60,60,1.0588479983876003e-13
e43,decoding,1,5,60,61,768,60,60,53,1.2594718296610404e-13
e43,decoding,1,6,60,61,768,60,60,57,1.9198586076027805e-13
e43,decoding,2,1,60,61,768,60,60,60,1.1090039562059603e-13
e43,decoding,2,2,60,61,768,60,60,58,1.2148887560447203e-13
e43,decoding,2,3,60,61,768,60,60,60,5.907257254162402e-13
e43,decoding,2,4,60,61,768,60,60,59,2.7641505642118405e-13
e43,decoding,2,5,60,61,768,60,60,58,3.834144331003521e-13
e43,decoding,2,6,60,61,768,60,60,58,1.4433770083283603e-13
e43,decoding,2,7,60,61,768,60,60,58,1.8056144814609604e-13
e43,decoding,2,8,60,61,768,60,60,59,2.6972759537873607e-13
e43,decoding,3,1,60,61,768,60,60,58,1.5269702713589603e-13
e43,decoding,3,2,60,61,768,60,60,60,1.3876481663079605e-13
e43,decoding,3,3,60,61,768,60,60,58,8.749428197202803e-14
e43,decoding,3,4,60,61,768,60,60,59,3.209981300375041e-13
e43,decoding,3,5,60,61,768,60,60,60,5.823663991131801e-14
e43,decoding,3,6,60,61,768,60,60,58,7.606986935784601e-14
e43,decoding,3,7,60,61,768,60,60,60,2.2737367544323206e-13
e43,decoding,3,8,60,61,768,60,60,59,1.6272821869956805e-13
e43,decoding,4,1,60,61,768,60,60,56,6.932667947337761e-13
e43,decoding,4,2,60,61,768,60,60,59,4.926429634603361e-13
e43,decoding,4,3,60,61,768,60,60,60,4.123934309509601e-13
e43,decoding,4,4,60,61,768,60,60,60,2.8265668672746888e-12
e43,decoding,4,5,60,61,768,60,60,60,1.4322312399242803e-13
e43,decoding,4,6,60,61,768,60,60,60,2.7195674905955206e-13
e43,decoding,4,7,60,61,768,60,60,60,5.639758812464482e-13
e43,decoding,4,8,60,61,768,60,60,59,6.509128747982722e-13
e43,decoding,5,1,60,61,768,60,60,60,2.7195674905955206e-13
e43,decoding,5,2,60,61,768,60,60,60,9.418174301447603e-14
e43,decoding,5,3,60,61,768,60,60,60,3.432896668456641e-13
e43,decoding,5,4,60,61,768,60,60,59,1.1563734719233002e-13
e43,decoding,5,5,60,61,768,60,60,60,2.3963402068772007e-13
e43,decoding,5,6,60,61,768,60,60,59,1.3152006716814405e-13
e44,session1_training_pre,1,1,60,61,768,60,60,60,2.2625909860282406e-13
e44,session1_training_pre,1,2,60,61,768,60,60,60,3.622374731326001e-14
e44,session1_training_pre,1,3,60,61,768,60,60,60,2.3127469438466006e-14
e44,session1_training_pre,1,4,60,61,768,60,60,60,8.192139776998802e-14
e44,session1_training_pre,1,5,60,61,768,60,60,60,1.2594718296610404e-13
e44,session1_training_pre,1,6,60,61,768,60,60,60,9.223123354376202e-14
e44,session1_training_pre,1,7,60,61,768,60,60,58,1.5158245029548803e-13
e44,session1_training_pre,1,8,60,61,768,60,60,60,1.4378041241263203e-13
e44,decoding,1,1,60,61,768,60,60,60,9.891869458621003e-14
e44,decoding,1,2,60,61,768,60,60,60,4.214493677792751e-14
e44,decoding,1,3,60,61,768,60,60,60,1.1145768404080002e-13
e44,decoding,1,4,60,61,768,60,60,60,1.3486379768936804e-13
e44,decoding,1,5,60,61,768,60,60,60,7.495529251743802e-14
e44,decoding,1,6,60,61,768,60,60,60,9.864005037610803e-14
e44,decoding,2,1,60,61,768,60,60,60,1.2037429876406403e-13
e44,decoding,2,2,60,61,768,60,60,60,1.0644208825896403e-13
e44,decoding,2,3,60,61,768,60,60,59,8.024953250937603e-14
e44,decoding,2,4,60,61,768,60,60,58,2.8978997850608006e-14
e44,decoding,2,5,60,61,768,60,60,60,5.1549178868870013e-14
e44,decoding,2,6,60,61,768,60,60,60,5.976918306687902e-14
e44,decoding,2,7,60,61,768,60,60,60,4.284154730318251e-14
e44,decoding,2,8,60,61,768,60,60,60,3.789561257387201e-14
e44,decoding,3,1,60,61,768,60,60,60,1.0978581878018803e-13
e44,decoding,3,2,60,61,768,60,60,60,1.8111873656630004e-13
e44,decoding,3,3,60,61,768,60,60,60,4.458307361632001e-14
e44,decoding,3,4,60,61,768,60,60,60,5.6564774650706016e-14
e44,decoding,3,5,60,61,768,60,60,58,2.4297775120894406e-13
e44,decoding,3,6,60,61,768,60,60,60,1.9393637023099204e-13
e44,decoding,3,7,60,61,768,60,60,58,1.8669162076834004e-13
e44,decoding,3,8,60,61,768,60,60,60,4.7160532559763515e-14
e44,decoding,4,1,60,61,768,60,60,60,9.390309880437402e-14
e44,decoding,4,2,60,61,768,60,60,59,1.1312954930141203e-13
e44,decoding,4,3,60,61,768,60,60,60,1.3486379768936804e-13
e44,decoding,4,4,60,61,768,60,60,60,1.6272821869956805e-13
e44,decoding,4,5,60,61,768,60,60,60,2.964774395485281e-13
e44,decoding,4,6,60,61,768,60,60,60,1.0309835773774003e-13
e44,decoding,4,7,60,61,768,60,60,60,2.808733637828161e-13
e44,decoding,4,8,60,61,768,60,60,60,5.405697675978801e-14
e44,decoding,5,1,60,61,768,60,60,59,2.674984416979201e-13
e44,decoding,5,2,60,61,768,60,60,60,3.366022058032161e-13
e44,decoding,5,3,60,61,768,60,60,60,2.831025174636321e-13
e44,decoding,5,4,60,61,768,60,60,60,3.120815153142401e-13
e44,decoding,5,5,60,61,768,60,60,59,4.848409255774801e-13
e44,decoding,5,6,60,61,768,60,60,59,1.5771262291773204e-13
e45,session1_training_pre,1,1,60,61,768,60,60,60,1.1535870298222802e-13
e45,session1_training_pre,1,2,60,61,768,60,60,60,8.225577082211042e-13
e45,session1_training_pre,1,3,60,61,768,60,60,59,1.1413266845777923e-12
e45,session1_training_pre,1,4,60,61,768,60,60,60,8.024953250937603e-14
e45,session1_training_pre,1,5,60,61,768,60,60,60,5.7066334228889614e-12
e45,session1_training_pre,1,6,60,61,768,60,60,60,4.725805803329922e-13
e45,session1_training_pre,1,7,60,61,768,60,60,60,2.6018403118274256e-14
e45,session1_training_pre,1,8,60,61,768,60,60,60,1.4355749704455043e-12
e45,decoding,1,1,60,61,768,60,60,60,6.598294895215362e-12
e45,decoding,1,2,60,61,768,60,60,60,1.7108754500262804e-13
e45,decoding,1,3,60,61,768,60,60,60,6.297359148305202e-14
e45,decoding,1,4,60,61,768,60,60,60,2.5412351961302407e-13
e45,decoding,1,5,60,61,768,60,60,60,6.380952411335802e-14
e45,decoding,1,6,60,61,768,60,60,60,1.9616552391180806e-13
e45,decoding,2,1,60,61,768,60,60,60,5.907257254162402e-14
e45,decoding,2,2,60,61,768,60,60,60,1.4043668189140804e-13
e45,decoding,2,3,60,61,768,60,60,60,9.278852196396602e-14
e45,decoding,2,4,60,61,768,60,60,60,1.3653566294998003e-13
e45,decoding,2,5,60,61,768,60,60,60,2.0118111969364404e-13
e45,decoding,2,6,60,61,768,60,60,60,1.3792888400049003e-13
e45,decoding,2,7,60,61,768,60,60,60,1.1703056824284002e-13
e45,decoding,2,8,60,61,768,60,60,59,4.207527572540201e-14
e45,decoding,3,1,60,61,768,60,60,60,5.572884202040001e-14
e45,decoding,3,2,60,61,768,60,60,60,2.797587869424081e-13
e45,decoding,3,3,60,61,768,60,60,60,5.472572286403281e-13
e45,decoding,3,4,60,61,768,60,60,60,1.3040549032773603e-13
e45,decoding,3,5,60,61,768,60,60,60,7.958078640513122e-13
e45,decoding,3,6,60,61,768,60,60,60,2.1176959967752006e-13
e45,decoding,3,7,60,61,768,60,60,60,2.920191321868961e-13
e45,decoding,3,8,60,61,768,60,60,60,3.288001679203601e-13
e45,decoding,4,1,60,61,768,60,60,60,3.856435867811681e-13
e45,decoding,4,2,60,61,768,60,60,60,4.987731360825801e-14
e45,decoding,4,3,60,61,768,60,60,60,2.362902901664961e-13
e45,decoding,4,4,60,61,768,60,60,60,9.501767564478203e-14
e45,decoding,4,5,60,61,768,60,60,60,3.490018731527551e-14
e45,decoding,4,6,60,61,768,60,60,60,1.3987939347120404e-13
e45,decoding,4,7,60,61,768,60,60,60,6.297359148305202e-14
e45,decoding,4,8,60,61,768,60,60,60,1.4155125873181604e-13
e45,decoding,5,1,60,61,768,60,60,60,2.0508213863507206e-13
e45,decoding,5,2,60,61,768,60,60,60,3.434289889507151e-14
e45,decoding,5,3,60,61,768,60,60,60,7.356207146692802e-14
e45,decoding,5,4,60,61,768,60,60,60,2.0786858073609205e-13
e45,decoding,5,5,60,61,768,60,60,60,4.430442940621801e-14
e45,decoding,5,6,60,61,768,60,60,60,1.8334789024711605e-13
e46,session1_training_pre,1,1,60,61,768,60,60,59,1.6941567974201605e-13
e46,session1_training_pre,1,2,60,61,768,60,60,60,2.4033063121297506e-14
e46,session1_training_pre,1,3,60,61,768,60,60,59,3.420357679002051e-14
e46,session1_training_pre,1,4,60,61,768,60,60,60,1.0142649247712803e-13
e46,session1_training_pre,1,5,60,61,768,60,60,60,6.938240831539802e-14
e46,session1_training_pre,1,6,60,61,768,60,60,60,2.6540861012215507e-14
e46,session1_training_pre,1,7,60,61,768,60,60,60,2.3336452596042505e-14
e46,session1_training_pre,1,8,60,61,768,60,60,57,5.238511149917601e-14
e46,decoding,1,1,60,61,768,60,60,60,1.0031191563672002e-13
e46,decoding,1,2,60,61,768,60,60,60,1.4405905662273403e-13
e46,decoding,1,3,60,61,768,60,60,60,2.0863485231387254e-14
e46,decoding,1,4,60,61,768,60,60,60,2.2012892598058006e-14
e46,decoding,1,5,60,61,768,60,60,60,4.040341046479001e-14
e46,decoding,1,6,60,61,768,60,60,60,8.164275355988602e-14
e46,decoding,2,1,60,61,768,60,60,59,2.7794759957674506e-14
e46,decoding,2,2,60,61,768,60,60,60,6.631732200427602e-14
e46,decoding,2,3,60,61,768,60,60,60,4.834477045269701e-14
e46,decoding,2,4,60,61,768,60,60,43,3.1068829426373005e-14
e46,decoding,2,5,60,61,768,60,60,38,5.182782307897201e-14
e46,decoding,2,6,60,61,768,60,60,21,3.392493257991851e-14
e46,decoding,2,7,60,61,768,60,60,14,4.7230193612289015e-14
e46,decoding,2,8,60,61,768,60,60,60,4.151798730519801e-14
e46,decoding,3,1,60,61,768,60,60,51,8.220004198009002e-14
e46,decoding,3,2,60,61,768,60,60,59,8.944479144274202e-14
e46,decoding,3,3,60,61,768,60,60,60,1.0031191563672002e-13
e46,decoding,3,4,60,61,768,60,60,60,1.2093158718426803e-13
e46,decoding,3,5,60,61,768,60,60,60,1.0560615562865803e-13
e46,decoding,3,6,60,61,768,60,60,60,7.746309040835602e-14
e46,decoding,3,7,60,61,768,60,60,59,4.012476625468801e-14
e46,decoding,3,8,60,61,768,60,60,59,5.545019781029801e-14
e46,decoding,4,1,60,61,768,60,60,60,9.975462721651603e-14
e46,decoding,4,2,60,61,768,60,60,59,6.158037043254201e-14
e46,decoding,4,3,60,61,768,60,60,59,3.524849257790301e-14
e46,decoding,4,4,60,61,768,60,60,59,8.554377250131402e-14
e46,decoding,4,5,60,61,768,60,60,55,1.0532751141855603e-13
e46,decoding,4,6,60,61,768,60,60,55,5.4335620969890017e-14
e46,decoding,4,7,60,61,768,60,60,59,1.5018922924497804e-13
e46,decoding,4,8,60,61,768,60,60,60,6.297359148305202e-14
e46,decoding,5,1,60,61,768,60,60,32,2.5412351961302407e-13
e46,decoding,5,2,60,61,768,60,60,50,2.4855063541098404e-13
e46,decoding,5,3,60,61,768,60,60,51,1.2734040401661404e-13
e46,decoding,5,4,60,61,768,60,60,54,1.1312954930141203e-13
e46,decoding,5,5,60,61,768,60,60,56,4.096069888499401e-14
e46,decoding,5,6,60,61,768,60,60,52,7.648783567299903e-14
e47,session1_training_pre,1,1,60,61,768,60,60,60,2.8212726272827508e-14
e47,session1_training_pre,1,2,60,61,768,60,60,60,3.928883362438201e-14
e47,session1_training_pre,1,3,60,61,768,60,60,60,1.2316074086508402e-13
e47,session1_training_pre,1,4,60,61,768,60,60,60,3.524849257790301e-14
e47,session1_training_pre,1,5,60,61,768,60,60,59,6.868579779014301e-14
e47,session1_training_pre,1,6,60,61,768,60,60,60,1.9282179339058405e-13
e47,session1_training_pre,1,7,60,61,768,60,60,60,3.894052836175451e-14
e47,session1_training_pre,1,8,60,61,768,60,60,60,1.0867124193978003e-13
e47,decoding,1,1,60,61,768,60,60,60,9.000207986294602e-14
e47,decoding,1,2,60,61,768,60,60,60,3.657205257588751e-14
e47,decoding,1,3,60,61,768,60,60,60,2.5356623119282008e-14
e47,decoding,1,4,60,61,768,60,60,60,4.430442940621801e-14
e47,decoding,1,5,60,61,768,60,60,60,1.3932210505100005e-13
e47,decoding,1,6,60,61,768,60,60,60,5.6564774650706016e-14
e47,decoding,2,1,60,61,768,60,60,60,6.380952411335802e-14
e47,decoding,2,2,60,61,768,60,60,60,8.303597461039602e-14
e47,decoding,2,3,60,61,768,60,60,60,9.808276195590403e-14
e47,decoding,2,4,60,61,768,60,60,60,2.786442101020001e-13
e47,decoding,2,5,60,61,768,60,60,60,1.2190684191962503e-13
e47,decoding,2,6,60,61,768,60,60,60,5.558951991534901e-14
e47,decoding,2,7,60,61,768,60,60,60,6.102308201233801e-14
e47,decoding,2,8,60,61,768,60,60,60,1.0170513668723003e-13
e47,decoding,3,1,60,61,768,60,60,60,1.7331669868344404e-13
e47,decoding,3,2,60,61,768,60,60,60,6.088375990728701e-14
e47,decoding,3,3,60,61,768,60,60,60,5.600748623050202e-14
e47,decoding,3,4,60,61,768,60,60,60,5.4614265179992016e-14
e47,decoding,3,5,60,61,768,60,60,60,3.901018941428001e-14
e47,decoding,3,6,60,61,768,60,60,60,4.667290519208501e-14
e47,decoding,3,7,60,61,768,60,60,60,7.328342725682602e-14
e47,decoding,3,8,60,61,768,60,60,60,6.743189884468402e-14
e47,decoding,4,1,60,61,768,60,60,60,1.0532751141855603e-13
e47,decoding,4,2,60,61,768,60,60,60,1.0449157878825002e-13
e47,decoding,4,3,60,61,768,60,60,60,1.0672073246906603e-13
e47,decoding,4,4,60,61,768,60,60,60,3.887086730922901e-14
e47,decoding,4,5,60,61,768,60,60,59,3.1932626477689206e-13
e47,decoding,4,6,60,61,768,60,60,60,5.6564774650706016e-14
e47,decoding,4,7,60,61,768,60,60,60,4.862341466279901e-14
e47,decoding,4,8,60,61,768,60,60,60,4.458307361632001e-14
e47,decoding,5,1,60,61,768,60,60,58,6.993969673560202e-14
e47,decoding,5,2,60,61,768,60,60,60,2.7864421010200006e-14
e47,decoding,5,3,60,61,768,60,60,60,3.887086730922901e-14
e47,decoding,5,4,60,61,768,60,60,60,7.857766724876402e-14
e47,decoding,5,5,60,61,768,60,60,60,7.983156619422301e-14
e47,decoding,5,6,60,61,768,60,60,60,2.856103153545501e-14
e48,session1_training_pre,1,1,60,61,768,60,60,60,5.684341886080802e-14
e48,session1_training_pre,1,2,60,61,768,60,60,60,1.4266583557222404e-13
e48,session1_training_pre,1,3,60,61,768,60,60,60,3.2462050476883007e-14
e48,session1_training_pre,1,4,60,61,768,60,60,60,8.554377250131402e-14
e48,session1_training_pre,1,5,60,61,768,60,60,60,1.1786650087314604e-13
e48,session1_training_pre,1,6,60,61,768,60,60,60,1.4071532610151004e-13
e48,session1_training_pre,1,7,60,61,768,60,60,59,7.662715777805003e-14
e48,session1_training_pre,1,8,60,61,768,60,60,60,2.0062383127344005e-13
e48,decoding,1,1,60,61,768,60,60,60,7.997088829927403e-14
e48,decoding,1,2,60,61,768,60,60,59,5.029527992341101e-14
e48,decoding,1,3,60,61,768,60,60,59,8.860885881243602e-14
e48,decoding,1,4,60,61,768,60,60,57,3.2810355739510506e-14
e48,decoding,1,5,60,61,768,60,60,60,3.503950942032651e-14
e48,decoding,1,6,60,61,768,60,60,60,3.650239152336201e-14
e48,decoding,2,1,60,61,768,60,60,60,1.3018257495965444e-12
e48,decoding,2,2,60,61,768,60,60,60,1.0298690005369922e-12
e48,decoding,2,3,60,61,768,60,60,59,3.1765439951628007e-13
e48,decoding,2,4,60,61,768,60,60,60,2.2402994492200807e-13
e48,decoding,2,5,60,61,768,60,60,60,3.970679993953501e-14
e48,decoding,2,6,60,61,768,60,60,60,5.196714518402301e-14
e48,decoding,2,7,60,61,768,60,60,60,1.0142649247712803e-12
e48,decoding,2,8,60,61,768,60,60,59,7.829902303866202e-14
e48,decoding,3,1,60,61,768,60,60,59,5.0991890448666015e-14
e48,decoding,3,2,60,61,768,60,60,60,5.416843444382881e-13
e48,decoding,3,3,60,61,768,60,60,60,6.325223569315402e-14
e48,decoding,3,4,60,61,768,60,60,60,1.2817633664692003e-13
e48,decoding,3,5,60,61,768,60,60,60,1.6607194922079203e-13
e48,decoding,3,6,60,61,768,60,60,60,2.4186317436853606e-13
e48,decoding,3,7,60,61,768,60,60,60,8.442919566090603e-14
e48,decoding,3,8,60,61,768,60,60,60,2.5969640381506405e-13
e48,decoding,4,1,60,61,768,60,60,60,3.573611994558151e-14
e48,decoding,4,2,60,61,768,60,60,60,2.6081098065547205e-13
e48,decoding,4,3,60,61,768,60,60,60,3.265710142395441e-13
e48,decoding,4,4,60,61,768,60,60,60,5.4474943074941016e-14
e48,decoding,4,5,60,61,768,60,60,60,4.3468496775912013e-13
e48,decoding,4,6,60,61,768,60,60,60,4.001330857064721e-13
e48,decoding,4,7,60,61,768,60,60,60,8.721563776192603e-14
e48,decoding,4,8,60,61,768,60,60,60,7.718444619825402e-14
e48,decoding,5,1,60,61,768,60,60,60,2.4242046278874006e-13
e48,decoding,5,2,60,61,768,60,60,60,1.0699937667916803e-12
e48,decoding,5,3,60,61,768,60,60,60,2.953628627081201e-13
e48,decoding,5,4,60,61,768,60,60,60,1.0867124193978003e-13
e48,decoding,5,5,60,61,768,60,60,60,3.0539405427179206e-13
e48,decoding,5,6,60,61,768,60,60,60,1.8412809403540164e-12
e49,session1_training_pre,1,1,60,61,768,60,60,60,1.0198378089733203e-13
e49,session1_training_pre,1,2,60,61,768,60,60,60,2.931337090273041e-13
e49,session1_training_pre,1,3,60,61,768,60,60,60,1.2929091348732803e-13
e49,session1_training_pre,1,4,60,61,768,60,60,60,4.848409255774801e-14
e49,session1_training_pre,1,5,60,61,768,60,60,60,1.3012684611763403e-13
e49,session1_training_pre,1,6,60,61,768,60,60,60,5.001663571330901e-14
e49,session1_training_pre,1,7,60,61,768,60,60,60,2.2848825228364006e-13
e49,session1_training_pre,1,8,60,61,768,60,60,60,3.254564373991361e-13
e49,decoding,1,1,60,61,768,60,60,60,6.185901464264401e-14
e49,decoding,1,2,60,61,768,60,60,60,4.9180703083003015e-14
e49,decoding,1,3,60,61,768,60,60,60,1.8501975550772805e-13
e49,decoding,1,4,60,61,768,60,60,60,2.7362861432016406e-13
e49,decoding,1,5,60,61,768,60,60,60,7.579122514774402e-13
e49,decoding,1,6,60,61,768,60,60,60,8.442919566090603e-14
e49,decoding,2,1,60,61,768,60,60,60,5.271948455129842e-13
e49,decoding,2,2,60,61,768,60,60,60,6.910376410529601e-14
e49,decoding,2,3,60,61,768,60,60,59,3.1653982267587207e-13
e49,decoding,2,4,60,61,768,60,60,60,3.923310478236161e-13
e49,decoding,2,5,60,61,768,60,60,60,1.0477022299835202e-13
e49,decoding,2,6,60,61,768,60,60,60,2.2793096386343606e-13
e49,decoding,2,7,60,61,768,60,60,60,1.0811395351957602e-13
e49,decoding,2,8,60,61,768,60,60,60,6.576003358407202e-14
e49,decoding,3,1,60,61,768,60,60,60,5.260802686725762e-13
e49,decoding,3,2,60,61,768,60,60,60,8.610106092151802e-14
e49,decoding,3,3,60,61,768,60,60,60,1.3430650926916404e-13
e49,decoding,3,4,60,61,768,60,60,60,1.4712414293385605e-13
e49,decoding,3,5,60,61,768,60,60,60,2.0731129231588805e-13
e49,decoding,3,6,60,61,768,60,60,60,1.0031191563672002e-13
e49,decoding,3,7,60,61,768,60,60,60,6.966105252550002e-14
e49,decoding,3,8,60,61,768,60,60,60,9.153462301850703e-14
e49,decoding,4,1,60,61,768,60,60,60,1.0477022299835202e-13
e49,decoding,4,2,60,61,768,60,60,60,7.606986935784601e-14
e49,decoding,4,3,60,61,768,60,60,59,7.244749462652001e-14
e49,decoding,4,4,60,61,768,60,60,60,1.0072988195187302e-13
e49,decoding,4,5,60,61,768,60,60,60,4.1796631515300014e-14
e49,decoding,4,6,60,61,768,60,60,60,4.068205467489201e-13
e49,decoding,4,7,60,61,768,60,60,60,1.4266583557222404e-13
e49,decoding,4,8,60,61,768,60,60,60,7.774173461845802e-14
e49,decoding,5,1,60,61,768,60,60,60,1.4823871977426404e-13
e49,decoding,5,2,60,61,768,60,60,60,2.4409232804935205e-13
e49,decoding,5,3,60,61,768,60,60,60,4.514036203652401e-14
e49,decoding,5,4,60,61,768,60,60,59,1.5102516187528403e-13
e49,decoding,5,5,60,61,768,60,60,60,1.0783530930947402e-13
e49,decoding,5,6,60,61,768,60,60,60,1.4210854715202004e-13
e50,session1_training_pre,1,1,60,61,768,60,60,60,2.797587869424081e-13
e50,session1_training_pre,1,2,60,61,768,60,60,60,4.207527572540201e-14
e50,session1_training_pre,1,3,60,61,768,60,60,60,2.1399875335833605e-13
e50,session1_training_pre,1,4,60,61,768,60,60,60,9.808276195590403e-14
e50,session1_training_pre,1,5,60,61,768,60,60,60,4.806612624259501e-14
e50,session1_training_pre,1,6,60,61,768,60,60,60,4.876273676785001e-14
e50,session1_training_pre,1,7,60,61,768,60,60,60,5.193928076301281e-13
e50,session1_training_pre,1,8,60,61,768,60,60,60,6.548138937397001e-14
e50,decoding,1,1,60,61,768,60,60,60,3.722686646962721e-13
e50,decoding,1,2,60,61,768,60,60,60,3.588937426113761e-13
e50,decoding,1,3,60,61,768,60,60,60,3.2278145298215687e-12
e50,decoding,1,4,60,61,768,60,60,60,9.518486217084323e-13
e50,decoding,1,5,60,61,768,60,60,60,6.732044116064322e-13
e50,decoding,1,6,60,61,768,60,60,60,5.728924959697121e-13
e50,decoding,2,1,60,61,768,60,60,60,6.144104832749101e-14
e50,decoding,2,2,60,61,768,60,60,60,5.029527992341101e-14
e50,decoding,2,3,60,61,768,60,60,60,2.849137048292951e-14
e50,decoding,2,4,60,61,768,60,60,60,2.6192555749588005e-14
e50,decoding,2,5,60,61,768,60,60,59,5.127053465876801e-13
e50,decoding,2,6,60,61,768,60,60,60,9.083801249325203e-14
e50,decoding,2,7,60,61,768,60,60,60,2.6248284591608404e-13
e50,decoding,2,8,60,61,768,60,60,60,4.123934309509601e-13
e50,decoding,3,1,60,61,768,60,60,60,7.829902303866202e-14
e50,decoding,3,2,60,61,768,60,60,59,3.131960921546481e-13
e50,decoding,3,3,60,61,768,60,60,60,7.111000241803042e-13
e50,decoding,3,4,60,61,768,60,60,60,4.5140362036524013e-13
e50,decoding,3,5,60,61,768,60,60,60,4.079351235893281e-13
e50,decoding,3,6,60,61,768,60,60,60,2.518943659322081e-13
e50,decoding,3,7,60,61,768,60,60,60,1.9895196601282805e-13
e50,decoding,3,8,60,61,768,60,60,60,2.2380702955392647e-12
e50,decoding,4,1,60,61,768,60,60,60,8.203285545402882e-13
e50,decoding,4,2,60,61,768,60,60,60,7.400790220309122e-13
e50,decoding,4,3,60,61,768,60,60,60,3.941143707682689e-12
e50,decoding,4,4,60,61,768,60,60,60,1.8903223213319686e-12
e50,decoding,4,5,60,61,768,60,60,60,2.456527356259233e-12
e50,decoding,4,6,60,61,768,60,60,60,1.7476564857597444e-11
e50,decoding,4,7,60,61,768,60,60,60,1.6317404943573125e-12
e50,decoding,4,8,60,61,768,60,60,60,2.8756082482526406e-13
e50,decoding,5,1,60,61,768,60,60,60,1.4656685451365205e-13
e50,decoding,5,2,60,61,768,60,60,60,3.3102932160117607e-13
e50,decoding,5,3,60,61,768,60,60,60,1.0588479983876003e-13
e50,decoding,5,4,60,61,768,60,60,60,1.7387398710364803e-13
e50,decoding,5,5,60,61,768,60,60,60,9.000207986294602e-14
e50,decoding,5,6,60,61,768,60,60,60,2.808733637828161e-13
e51,session1_training_pre,1,1,60,61,768,60,60,60,2.8978997850608006e-14
e51,session1_training_pre,1,2,60,61,768,60,60,60,3.023289679606701e-14
e51,session1_training_pre,1,3,60,61,768,60,60,60,2.7307132589996006e-13
e51,session1_training_pre,1,4,60,61,768,60,60,60,5.294239991938002e-13
e51,session1_training_pre,1,5,60,61,768,60,60,60,1.6105635343895605e-13
e51,session1_training_pre,1,6,60,61,768,60,60,60,3.803493467892301e-14
e51,session1_training_pre,1,7,60,61,768,60,60,60,2.808733637828161e-13
e51,session1_training_pre,1,8,60,61,768,60,60,60,2.2848825228364006e-13
e51,decoding,1,1,60,61,768,60,60,60,9.752547353570002e-14
e51,decoding,1,2,60,61,768,60,60,60,1.5381160397630405e-13
e51,decoding,1,3,60,61,768,60,60,60,1.8724890918854404e-13
e51,decoding,1,4,60,61,768,60,60,59,1.4378041241263203e-13
e51,decoding,1,5,60,61,768,60,60,60,4.144832625267251e-14
e51,decoding,1,6,60,61,768,60,60,60,2.4632148173016805e-13
e51,decoding,2,1,60,61,768,60,60,60,4.054273256984101e-14
e51,decoding,2,2,60,61,768,60,60,60,2.6471199959690008e-14
e51,decoding,2,3,60,61,768,60,60,60,6.659596621437802e-14
e51,decoding,2,4,60,61,768,60,60,60,8.805157039223203e-14
e51,decoding,2,5,60,61,768,60,60,60,1.7888958288548404e-13
e51,decoding,2,6,60,61,768,60,60,60,6.868579779014301e-14
e51,decoding,2,7,60,61,768,60,60,60,1.1703056824284002e-13
e51,decoding,2,8,60,61,768,60,60,60,3.678103573346401e-14
e51,decoding,3,1,60,61,768,60,60,60,3.538781468295401e-14
e51,decoding,3,2,60,61,768,60,60,60,1.3068413453783802e-13
e51,decoding,3,3,60,61,768,60,60,60,4.5488667299151514e-14
e51,decoding,3,4,60,61,768,60,60,60,8.220004198009002e-14
e51,decoding,3,5,60,61,768,60,60,60,1.7833229446528004e-13
e51,decoding,3,6,60,61,768,60,60,60,5.043460202846201e-14
e51,decoding,3,7,60,61,768,60,60,60,1.0393429036804602e-13
e51,decoding,3,8,60,61,768,60,60,60,2.351757133260881e-13
e51,decoding,4,1,60,61,768,60,60,60,1.5018922924497804e-13
e51,decoding,4,2,60,61,768,60,60,59,1.6161364185916005e-13
e51,decoding,4,3,60,61,768,60,60,59,5.684341886080802e-14
e51,decoding,4,4,60,61,768,60,60,60,7.857766724876402e-14
e51,decoding,4,5,60,61,768,60,60,60,5.2663755709278016e-14
e51,decoding,4,6,60,61,768,60,60,60,5.935121675172602e-14
e51,decoding,4,7,60,61,768,60,60,60,1.4879600819446804e-13
e51,decoding,4,8,60,61,768,60,60,60,3.901018941428001e-14
e51,decoding,5,1,60,61,768,60,60,60,4.012476625468801e-14
e51,decoding,5,2,60,61,768,60,60,59,8.721563776192603e-14
e51,decoding,5,3,60,61,768,60,60,59,4.5697650456728014e-14
e51,decoding,5,4,60,61,768,60,60,60,3.977646099206051e-14
e51,decoding,5,5,60,61,768,60,60,59,9.111665670335403e-14
e51,decoding,5,6,60,61,768,60,60,60,8.568309460636502e-14
e52,session1_training_pre,1,1,60,61,768,60,60,59,3.410605131648481e-13
e52,session1_training_pre,1,2,60,61,768,60,60,58,2.630401343362881e-13
e52,session1_training_pre,1,3,60,61,768,60,60,60,1.0504886720845403e-13
e52,session1_training_pre,1,4,60,61,768,60,60,60,2.502225006715961e-13
e52,session1_training_pre,1,5,60,61,768,60,60,60,2.2625909860282406e-13
e52,session1_training_pre,1,6,60,61,768,60,60,60,2.641547111766961e-13
e52,session1_training_pre,1,7,60,61,768,60,60,60,2.814306522030201e-13
e52,session1_training_pre,1,8,60,61,768,60,60,60,2.0062383127344005e-13
e52,decoding,1,1,60,61,768,60,60,60,2.630401343362881e-13
e52,decoding,1,2,60,61,768,60,60,60,8.331461882049802e-14
e52,decoding,1,3,60,61,768,60,60,60,8.749428197202803e-14
e52,decoding,1,4,60,61,768,60,60,60,6.144104832749101e-14
e52,decoding,1,5,60,61,768,60,60,60,9.529631985488403e-14
e52,decoding,1,6,60,61,768,60,60,59,3.615408626073451e-14
e52,decoding,2,1,60,61,768,60,60,60,8.805157039223203e-14
e52,decoding,2,2,60,61,768,60,60,60,5.962986096182802e-14
e52,decoding,2,3,60,61,768,60,60,60,1.1758785666304404e-13
e52,decoding,2,4,60,61,768,60,60,60,2.0954044599670404e-13
e52,decoding,2,5,60,61,768,60,60,59,1.0588479983876003e-13
e52,decoding,2,6,60,61,768,60,60,60,1.6551466080058804e-13
e52,decoding,2,7,60,61,768,60,60,59,2.0452485021486806e-13
e52,decoding,2,8,60,61,768,60,60,60,1.8947806286936006e-13
e52,decoding,3,1,60,61,768,60,60,59,4.625493887693201e-13
e52,decoding,3,2,60,61,768,60,60,59,2.2514452176241607e-13
e52,decoding,3,3,60,61,768,60,60,60,1.6049906501875205e-13
e52,decoding,3,4,60,61,768,60,60,60,1.3820752821059202e-13
e52,decoding,3,5,60,61,768,60,60,60,1.1898107771355404e-13
e52,decoding,3,7,60,61,768,60,60,60,1.0616344404886203e-13
e52,decoding,3,8,60,61,768,60,60,60,4.296693719772841e-13
e52,decoding,4,1,60,61,768,60,60,59,2.2737367544323206e-13
e52,decoding,4,2,60,61,768,60,60,60,9.390309880437402e-14
e52,decoding,4,3,60,61,768,60,60,58,4.803826182158481e-13
e52,decoding,4,4,60,61,768,60,60,60,9.919733879631203e-14
e52,decoding,4,5,60,61,768,60,60,60,3.733832415366801e-13
e52,decoding,4,6,60,61,768,60,60,60,2.920191321868961e-13
e52,decoding,4,7,60,61,768,60,60,57,7.007901884065302e-14
e52,decoding,4,8,60,61,768,60,60,60,4.416510730116701e-14
e52,decoding,5,1,60,61,768,60,60,60,7.161156199621402e-14
e52,decoding,5,2,60,61,768,60,60,60,5.377833254968601e-14
e52,decoding,5,3,60,61,768,60,60,60,7.495529251743802e-14
e52,decoding,5,4,60,61,768,60,60,60,6.046579359213402e-14
e52,decoding,5,5,60,61,768,60,60,60,4.7369515717340014e-14
e52,decoding,5,6,60,61,768,60,60,60,8.415055145080403e-14
e53,session1_training_pre,1,1,60,61,768,60,60,60,3.3102932160117607e-13
e53,session1_training_pre,1,2,60,61,768,60,60,60,3.343730521224001e-14
e53,session1_training_pre,1,3,60,61,768,60,60,60,5.712206307091001e-14
e53,session1_training_pre,1,4,60,61,768,60,60,60,7.955292198412102e-14
e53,session1_training_pre,1,5,60,61,768,60,60,60,1.8780619760874804e-13
e53,session1_training_pre,1,6,60,61,768,60,60,60,2.797587869424081e-13
e53,session1_training_pre,1,7,60,61,768,60,60,60,3.377167826436241e-13
e53,session1_training_pre,1,8,60,61,768,60,60,60,3.288001679203601e-13
e53,decoding,1,1,60,61,768,60,60,60,4.792680413754401e-14
e53,decoding,1,2,60,61,768,60,60,60,2.1288417651792806e-13
e53,decoding,1,3,60,61,768,60,60,59,7.802037882856002e-14
e53,decoding,1,4,60,61,768,60,60,59,3.2671033634459506e-14
e53,decoding,1,5,60,61,768,60,60,58,4.165730941024901e-14
e53,decoding,1,6,60,61,768,60,60,59,3.232272837183201e-14
e53,decoding,2,1,60,61,768,60,60,60,4.8902058872901016e-14
e53,decoding,2,2,60,61,768,60,60,59,8.192139776998802e-14
e53,decoding,2,3,60,61,768,60,60,60,3.2601372581934006e-14
e53,decoding,2,4,60,61,768,60,60,60,7.718444619825402e-14
e53,decoding,2,5,60,61,768,60,60,60,1.0644208825896403e-13
e53,decoding,2,6,60,61,768,60,60,60,4.068205467489201e-14
e53,decoding,2,7,60,61,768,60,60,60,6.130172622244001e-14
e53,decoding,2,8,60,61,768,60,60,60,4.8971719925426516e-14
e53,decoding,3,1,60,61,768,60,60,60,5.951840327778722e-13
e53,decoding,3,2,60,61,768,60,60,60,7.579122514774402e-14
e53,decoding,3,3,60,61,768,60,60,60,8.387190724070203e-14
e53,decoding,3,4,60,61,768,60,60,59,8.972343565284402e-14
e53,decoding,3,5,60,61,768,60,60,60,3.009357469101601e-14
e53,decoding,3,6,60,61,768,60,60,59,1.9470264180877255e-14
e53,decoding,3,7,60,61,768,60,60,60,2.0201705232395006e-14
e53,decoding,3,8,60,61,768,60,60,60,2.3824079963721007e-14
e53,decoding,4,1,60,61,768,60,60,60,6.715325463458202e-14
e53,decoding,4,2,60,61,768,60,60,60,2.518943659322081e-13
e53,decoding,4,3,60,61,768,60,60,60,2.5523809645343207e-13
e53,decoding,4,4,60,61,768,60,60,60,8.381617839868162e-13
e53,decoding,4,5,60,61,768,60,60,60,1.6384279553997604e-13
e53,decoding,4,6,60,61,768,60,60,60,4.235391993550401e-14
e53,decoding,4,7,60,61,768,60,60,60,1.8724890918854404e-13
e53,decoding,4,8,60,61,768,60,60,59,5.698274096585901e-14
e53,decoding,5,1,60,61,768,60,60,59,1.7777500604507605e-13
e53,decoding,5,2,60,61,768,60,60,60,2.1037637862701006e-14
e53,decoding,5,3,60,61,768,60,60,60,2.974526942838851e-14
e53,decoding,5,4,60,61,768,60,60,60,2.7864421010200006e-14
e53,decoding,5,5,60,61,768,60,60,59,7.843834514371302e-14
e53,decoding,5,6,60,61,768,60,60,60,3.037221890111801e-14
e54,session1_training_pre,1,1,60,61,768,60,60,60,4.3607818880963014e-14
e54,session1_training_pre,1,2,60,61,768,60,60,60,1.6830110290160805e-13
e54,session1_training_pre,1,3,60,61,768,60,60,60,1.8947806286936006e-13
e54,session1_training_pre,1,4,60,61,768,60,60,60,5.851528412142001e-14
e54,session1_training_pre,1,5,60,61,768,60,60,60,4.436015824823841e-13
e54,session1_training_pre,1,6,60,61,768,60,60,60,5.1270534658768014e-14
e54,session1_training_pre,1,7,60,61,768,60,60,60,4.096069888499401e-14
e54,session1_training_pre,1,8,60,61,768,60,60,60,1.2037429876406403e-13
e54,decoding,1,1,60,61,768,60,60,60,1.4378041241263203e-13
e54,decoding,1,2,60,61,768,60,60,58,1.7833229446528004e-13
e54,decoding,1,3,60,61,768,60,60,60,2.674984416979201e-13
e54,decoding,1,4,60,61,768,60,60,60,4.5697650456728014e-14
e54,decoding,1,5,60,61,768,60,60,59,3.2601372581934006e-14
e54,decoding,1,6,60,61,768,60,60,60,1.7359534289354603e-13
e54,decoding,2,1,60,61,768,60,60,60,1.3709295137018403e-13
e54,decoding,2,2,60,61,768,60,60,60,1.5158245029548803e-13
e54,decoding,2,3,60,61,768,60,60,60,2.1399875335833605e-13
e54,decoding,2,4,60,61,768,60,60,60,1.0477022299835202e-13
e54,decoding,2,5,60,61,768,60,60,60,6.018714938203202e-14
e54,decoding,2,6,60,61,768,60,60,59,1.1396548193171803e-13
e54,decoding,2,7,60,61,768,60,60,60,2.3406113648568004e-13
e54,decoding,2,8,60,61,768,60,60,60,1.3263464400855204e-13
e54,decoding,3,1,60,61,768,60,60,60,2.2826533691555846e-12
e54,decoding,3,2,60,61,768,60,60,59,7.746309040835602e-14
e54,decoding,3,3,60,61,768,60,60,60,7.551258093764202e-14
e54,decoding,3,4,60,61,768,60,60,60,2.6393179580861446e-12
e54,decoding,3,5,60,61,768,60,60,60,1.0343273078986242e-12
e54,decoding,3,6,60,61,768,60,60,60,1.7833229446528004e-13
e54,decoding,3,7,60,61,768,60,60,60,1.2215762170871682e-12
e54,decoding,3,8,60,61,768,60,60,60,9.362445459427201e-13
e54,decoding,4,1,60,61,768,60,60,60,3.350696626476551e-14
e54,decoding,4,2,60,61,768,60,60,60,5.171636539493121e-13
e54,decoding,4,3,60,61,768,60,60,60,6.910376410529601e-14
e54,decoding,4,4,60,61,768,60,60,60,5.3360366234533014e-14
e54,decoding,4,5,60,61,768,60,60,60,6.576003358407202e-14
e54,decoding,4,6,60,61,768,60,60,60,8.526512829121202e-14
e54,decoding,4,7,60,61,768,60,60,59,4.346849677591201e-14
e54,decoding,4,8,60,61,768,60,60,60,1.3263464400855204e-13
e54,decoding,5,1,60,61,768,60,60,60,1.4433770083283603e-13
e54,decoding,5,2,60,61,768,60,60,60,8.805157039223203e-14
e54,decoding,5,3,60,61,768,60,60,60,4.430442940621801e-14
e54,decoding,5,4,60,61,768,60,60,60,1.2093158718426803e-13
e54,decoding,5,5,60,61,768,60,60,60,1.2622582717620604e-13
e54,decoding,5,6,60,61,768,60,60,60,5.2663755709278016e-14
e55,session1_training_pre,1,1,60,61,768,60,60,60,2.0306196811183256e-14
e55,session1_training_pre,1,2,60,61,768,60,60,60,2.7585776800098007e-14
e55,session1_training_pre,1,3,60,61,768,60,60,60,7.606986935784601e-14
e55,session1_training_pre,1,4,60,61,768,60,60,60,1.7053025658242404e-13
e55,session1_training_pre,1,5,60,61,768,60,60,60,2.3963402068772006e-14
e55,session1_training_pre,1,6,60,61,768,60,60,60,5.316531528746162e-13
e55,session1_training_pre,1,7,60,61,768,60,60,60,5.160490771089041e-13
e55,session1_training_pre,1,8,60,61,768,60,60,60,5.171636539493121e-13
e55,decoding,1,1,60,61,768,60,60,59,2.2848825228364006e-13
e55,decoding,1,2,60,61,768,60,60,60,1.5492618081671205e-13
e55,decoding,1,3,60,61,768,60,60,60,3.232272837183201e-13
e55,decoding,1,4,60,61,768,60,60,60,1.0031191563672002e-13
e55,decoding,1,5,60,61,768,60,60,59,4.521002308904951e-14
e55,decoding,1,6,60,61,768,60,60,60,3.288001679203601e-13
e55,decoding,2,1,60,61,768,60,60,60,3.559679784053051e-14
e55,decoding,2,2,60,61,768,60,60,60,2.0619671547548005e-13
e55,decoding,2,3,60,61,768,60,60,60,2.9118319955659005e-14
e55,decoding,2,4,60,61,768,60,60,60,5.029527992341101e-14
e55,decoding,2,5,60,61,768,60,60,60,1.3820752821059202e-13
e55,decoding,2,6,60,61,768,60,60,60,3.410605131648481e-13
e55,decoding,2,7,60,61,768,60,60,60,6.227698095779702e-14
e55,decoding,2,8,60,61,768,60,60,56,4.3468496775912013e-13
e55,decoding,3,1,60,61,768,60,60,59,5.962986096182802e-14
e55,decoding,3,2,60,61,768,60,60,58,5.558951991534901e-14
e55,decoding,3,3,60,61,768,60,60,60,3.098523616334241e-13
e55,decoding,3,4,60,61,768,60,60,60,3.685069678598951e-14
e55,decoding,3,5,60,61,768,60,60,59,8.582241671141602e-14
e55,decoding,3,6,60,61,768,60,60,59,1.3999085115524484e-12
e55,decoding,3,7,60,61,768,60,60,57,3.544354352497441e-13
e55,decoding,3,8,60,61,768,60,60,52,3.232272837183201e-14
e55,decoding,4,1,60,61,768,60,60,58,7.105427357601002e-14
e55,decoding,4,2,60,61,768,60,60,60,2.686130185383281e-13
e55,decoding,4,3,60,61,768,60,60,60,1.9449365865119604e-13
e55,decoding,4,4,60,61,768,60,60,60,3.410605131648481e-13
e55,decoding,4,5,60,61,768,60,60,60,2.1943231545532507e-14
e55,decoding,4,6,60,61,768,60,60,60,2.491079238311881e-13
e55,decoding,4,7,60,61,768,60,60,60,3.260137258193401e-13
e55,decoding,4,8,60,61,768,60,60,60,6.999542557762242e-13
e55,decoding,5,1,60,61,768,60,60,59,4.9598669398156013e-14
e55,decoding,5,2,60,61,768,60,60,60,3.198835531970961e-13
e55,decoding,5,3,60,61,768,60,60,60,8.582241671141602e-13
e55,decoding,5,4,60,61,768,60,60,59,5.6286130440604017e-14
e55,decoding,5,5,60,61,768,60,60,60,5.450280749595121e-13
e55,decoding,5,6,60,61,768,60,60,59,2.786442101020001e-13
