subject_id,group,session_id,threshold_type,slope_per_run_within_session,intercept,n_runs,first_run,last_run
e21,experimental,1,distractor,0.0060000000000000045,0.20066666666666672,6,1,6
e21,experimental,1,no_distractor,0.011714285714285731,0.21400000000000005,6,1,6
e21,experimental,2,distractor,0.01761904761904762,0.22696428571428573,8,1,8
e21,experimental,2,no_distractor,0.018452380952380963,0.27321428571428563,8,1,8
e21,experimental,3,distractor,0.016607142857142848,0.3421428571428571,8,1,8
e21,experimental,3,no_distractor,0.0014285714285714231,0.38857142857142857,8,1,8
e21,experimental,4,distractor,0.005416666666666656,0.45375,8,1,8
e21,experimental,4,no_distractor,-0.014285714285714273,0.3767857142857143,8,1,8
e21,experimental,5,distractor,0.0037142857142856856,0.48366666666666674,6,1,6
e21,experimental,5,no_distractor,0.005999999999999992,0.23066666666666683,6,1,6
e22,experimental,1,distractor,0.008571428571428577,0.21333333333333343,6,1,6
e22,experimental,1,no_distractor,0.014285714285714311,0.2,6,1,6
e22,experimental,2,distractor,0.01690476190476191,0.26017857142857137,8,1,8
e22,experimental,2,no_distractor,0.012499999999999997,0.2975,8,1,8
e22,experimental,3,distractor,-0.0007738095238094901,0.40410714285714266,8,1,8
e22,experimental,3,no_distractor,-0.01559523809523812,0.4464285714285715,8,1,8
e22,experimental,4,distractor,-0.0026785714285714212,0.40142857142857136,8,1,8
e22,experimental,4,no_distractor,0.009523809523809539,0.302142857142857,8,1,8
e22,experimental,5,distractor,0.01757142857142859,0.3410000000000001,6,1,6
e22,experimental,5,no_distractor,0.007428571428571447,0.37399999999999994,6,1,6
e23,control,1,distractor,-0.006142857142857146,0.209,6,1,6
e23,control,1,no_distractor,-0.003428571428571431,0.192,6,1,6
e23,control,2,distractor,0.00011904761904761924,0.19071428571428575,8,1,8
e23,control,2,no_distractor,-0.0029761904761904734,0.1471428571428571,8,1,8
e23,control,3,distractor,0.013511904761904768,0.14857142857142852,8,1,8
e23,control,3,no_distractor,0.007023809523809525,0.11714285714285713,8,1,8
e23,control,4,distractor,-0.010119047619047616,0.2780357142857143,8,1,8
e23,control,4,no_distractor,0.0011904761904761808,0.1821428571428571,8,1,8
e23,control,5,distractor,0.015428571428571448,0.1726666666666667,6,1,6
e23,control,5,no_distractor,0.007428571428571441,0.174,6,1,6
e24,control,1,distractor,0.012285714285714292,0.19199999999999998,6,1,6
e24,control,1,no_distractor,0.0342857142857143,0.1833333333333335,6,1,6
e24,control,2,distractor,0.010297619047619057,0.23303571428571418,8,1,8
e24,control,2,no_distractor,0.0080952380952381,0.3585714285714286,8,1,8
e24,control,3,distractor,-0.0014285714285714075,0.3339285714285713,8,1,8
e24,control,3,no_distractor,0.003809523809523808,0.42285714285714276,8,1,8
e24,control,4,distractor,-0.006011904761904768,0.34642857142857136,8,1,8
e24,control,4,no_distractor,0.0016666666666666694,0.4599999999999999,8,1,8
e24,control,5,distractor,-0.010571428571428582,0.2803333333333334,6,1,6
e24,control,5,no_distractor,0.0022857142857142833,0.46199999999999997,6,1,6
e25,experimental,1,distractor,0.011285714285714298,0.19966666666666666,6,1,6
e25,experimental,1,no_distractor,0.019428571428571448,0.17533333333333337,6,1,6
e25,experimental,2,distractor,0.0003571428571428616,0.25464285714285717,8,1,8
e25,experimental,2,no_distractor,0.012500000000000004,0.265,8,1,8
e25,experimental,3,distractor,-0.00565476190476191,0.24982142857142856,8,1,8
e25,experimental,3,no_distractor,-7.773115951059726e-18,0.35999999999999993,8,1,8
e25,experimental,4,distractor,-0.012797619047619047,0.22571428571428578,8,1,8
e25,experimental,4,no_distractor,0.004404761904761897,0.34142857142857147,8,1,8
e25,experimental,5,distractor,0.010285714285714289,0.12733333333333338,6,1,6
e25,experimental,5,no_distractor,0.009142857142857156,0.35800000000000004,6,1,6
e26,experimental,1,distractor,-0.004999999999999998,0.2066666666666667,6,1,6
e26,experimental,1,no_distractor,0.002857142857142854,0.19333333333333333,6,1,6
e26,experimental,2,distractor,0.013630952380952388,0.1755357142857142,8,1,8
e26,experimental,2,no_distractor,-0.001190476190476173,0.23285714285714276,8,1,8
e26,experimental,3,distractor,-0.0030357142857142714,0.2805357142857142,8,1,8
e26,experimental,3,no_distractor,-0.0019047619047619117,0.18607142857142855,8,1,8
e26,experimental,4,distractor,-0.003511904761904764,0.26642857142857146,8,1,8
e26,experimental,4,no_distractor,0.0035714285714285813,0.1464285714285714,8,1,8
e26,experimental,5,distractor,0.0015714285714285763,0.2386666666666667,6,1,6
e26,experimental,5,no_distractor,0.010000000000000007,0.11000000000000006,6,1,6
e27,control,1,distractor,-0.018000000000000016,0.21800000000000003,5,1,5
e27,control,1,no_distractor,-1.8712805262645125e-17,0.19999999999999993,5,1,5
e27,control,2,distractor,0.016011904761904762,0.14857142857142855,8,1,8
e27,control,2,no_distractor,0.018452380952380953,0.21571428571428566,8,1,8
e27,control,3,distractor,-0.0007142857142857155,0.23071428571428565,8,1,8
e27,control,3,no_distractor,0.0,0.3649999999999999,8,1,8
e27,control,4,distractor,-0.0022023809523809444,0.2417857142857143,8,1,8
e27,control,4,no_distractor,-0.0016666666666666694,0.34,8,1,8
e27,control,5,distractor,-0.008571428571428565,0.24666666666666662,6,1,6
e27,control,5,no_distractor,0.005714285714285708,0.3300000000000002,6,1,6
e29,experimental,1,distractor,-0.006571428571428566,0.24466666666666664,6,1,6
e29,experimental,1,no_distractor,0.007142857142857151,0.21666666666666673,6,1,6
e29,experimental,2,distractor,0.00023809523809523847,0.16017857142857136,8,1,8
e29,experimental,2,no_distractor,0.01595238095238095,0.21321428571428572,8,1,8
e29,experimental,3,distractor,0.003452380952380956,0.16571428571428565,8,1,8
e29,experimental,3,no_distractor,7.773115951059726e-18,0.35249999999999987,8,1,8
e29,experimental,4,distractor,0.004345238095238083,0.19232142857142864,8,1,8
e29,experimental,4,no_distractor,0.011904761904761913,0.34142857142857136,8,1,8
e29,experimental,5,distractor,-0.01428571428571429,0.26666666666666666,6,1,6
e29,experimental,5,no_distractor,0.0028571428571428745,0.4433333333333333,6,1,6
e30,experimental,1,distractor,0.00599999999999999,0.1940000000000001,6,1,6
e30,experimental,1,no_distractor,0.0185714285714286,0.17666666666666664,6,1,6
e30,experimental,2,distractor,0.003452380952380958,0.23571428571428565,8,1,8
e30,experimental,2,no_distractor,-0.005238095238095243,0.3135714285714286,8,1,8
e30,experimental,3,distractor,-0.008333333333333328,0.29374999999999996,8,1,8
e30,experimental,3,no_distractor,-0.006785714285714269,0.2542857142857142,8,1,8
e30,experimental,4,distractor,0.0038095238095238234,0.2178571428571427,8,1,8
e30,experimental,4,no_distractor,0.012499999999999995,0.13250000000000003,8,1,8
e30,experimental,5,distractor,0.011857142857142884,0.22766666666666668,6,1,6
e30,experimental,5,no_distractor,0.014571428571428575,0.1506666666666667,6,1,6
e31,experimental,1,distractor,0.00357142857142857,0.1866666666666668,6,1,6
e31,experimental,1,no_distractor,0.020000000000000035,0.19666666666666663,6,1,6
e31,experimental,2,distractor,-0.00041666666666666734,0.21875000000000003,8,1,8
e31,experimental,2,no_distractor,-0.010595238095238093,0.31392857142857145,8,1,8
e31,experimental,3,distractor,-0.008154761904761903,0.23607142857142854,8,1,8
e31,experimental,3,no_distractor,0.005476190476190481,0.23285714285714276,8,1,8
e31,experimental,4,distractor,0.00011904761904761535,0.18446428571428572,8,1,8
e31,experimental,4,no_distractor,-0.0035714285714285774,0.28107142857142864,8,1,8
e31,experimental,5,distractor,0.008000000000000009,0.17533333333333337,6,1,6
e31,experimental,5,no_distractor,-0.0014285714285714258,0.21999999999999997,6,1,6
e32,experimental,1,distractor,0.011285714285714284,0.1813333333333334,6,1,6
e32,experimental,1,no_distractor,0.018571428571428596,0.19333333333333333,6,1,6
e32,experimental,2,distractor,0.015238095238095233,0.23267857142857146,8,1,8
e32,experimental,2,no_distractor,-0.0026190476190476116,0.3042857142857143,8,1,8
e32,experimental,3,distractor,-0.010833333333333335,0.34875,8,1,8
e32,experimental,3,no_distractor,-0.005476190476190485,0.2696428571428572,8,1,8
e32,experimental,4,distractor,-0.004761904761904766,0.28392857142857136,8,1,8
e32,experimental,4,no_distractor,0.011785714285714297,0.2057142857142856,8,1,8
e32,experimental,5,distractor,0.002999999999999996,0.24533333333333332,6,1,6
e32,experimental,5,no_distractor,-0.004571428571428567,0.31266666666666676,6,1,6
e33,control,1,distractor,0.013428571428571436,0.1946666666666667,6,1,6
e33,control,1,no_distractor,0.014857142857142881,0.18799999999999997,6,1,6
e33,control,2,distractor,0.014107142857142853,0.2746428571428572,8,1,8
e33,control,2,no_distractor,0.001904761904761904,0.2839285714285715,8,1,8
e33,control,3,distractor,0.0070833333333333295,0.3762499999999998,8,1,8
e33,control,3,no_distractor,-0.002023809523809535,0.23785714285714282,8,1,8
e33,control,4,distractor,-0.007500000000000008,0.37375,8,1,8
e33,control,4,no_distractor,0.007142857142857158,0.2178571428571427,8,1,8
e33,control,5,distractor,0.009,0.3343333333333335,6,1,6
e33,control,5,no_distractor,-0.025714285714285703,0.31,6,1,6
e36,control,1,distractor,0.019714285714285733,0.191,6,1,6
e36,control,1,no_distractor,0.036285714285714296,0.16800000000000012,6,1,6
e36,control,2,distractor,0.012916666666666668,0.27374999999999994,8,1,8
e36,control,2,no_distractor,0.010595238095238116,0.39857142857142835,8,1,8
e36,control,3,distractor,0.005892857142857145,0.3816071428571428,8,1,8
e36,control,3,no_distractor,-0.01083333333333332,0.4649999999999999,8,1,8
e36,control,4,distractor,-0.01196428571428573,0.4469642857142857,8,1,8
e36,control,4,no_distractor,0.0113095238095238,0.3928571428571428,8,1,8
e36,control,5,distractor,-1.1638299620940968e-17,0.3650000000000002,6,1,6
e36,control,5,no_distractor,-0.027142857142857146,0.5533333333333332,6,1,6
e37,control,1,distractor,-0.017142857142857147,0.22666666666666666,6,1,6
e37,control,1,no_distractor,0.011428571428571442,0.19333333333333336,6,1,6
e37,control,2,distractor,0.0049404761904762,0.15214285714285714,8,1,8
e37,control,2,no_distractor,-0.008928571428571432,0.25892857142857145,8,1,8
e37,control,3,distractor,0.00785714285714286,0.17089285714285712,8,1,8
e37,control,3,no_distractor,0.0111904761904762,0.0821428571428571,8,1,8
e37,control,4,distractor,-0.0024999999999999922,0.24249999999999994,8,1,8
e37,control,4,no_distractor,0.002857142857142856,0.17214285714285713,8,1,8
e37,control,5,distractor,0.004571428571428575,0.1906666666666667,6,1,6
e37,control,5,no_distractor,1.1638299620940968e-17,0.18999999999999992,6,1,6
e38,experimental,1,distractor,0.02885714285714286,0.16733333333333347,6,1,6
e38,experimental,1,no_distractor,0.010000000000000026,0.19666666666666663,6,1,6
e38,experimental,2,distractor,0.004047619047619039,0.3580357142857144,8,1,8
e38,experimental,2,no_distractor,-0.015238095238095247,0.2835714285714286,8,1,8
e38,experimental,3,distractor,-0.007619047619047623,0.3842857142857143,8,1,8
e38,experimental,3,no_distractor,-0.006309523809523796,0.20964285714285702,8,1,8
e38,experimental,4,distractor,0.009583333333333348,0.2999999999999998,8,1,8
e38,experimental,4,no_distractor,0.019047619047619053,0.1617857142857143,8,1,8
e38,experimental,5,distractor,-0.0049999999999999845,0.3466666666666666,6,1,6
e38,experimental,5,no_distractor,0.020285714285714268,0.2506666666666668,6,1,6
e39,experimental,1,distractor,0.019000000000000003,0.18600000000000008,6,1,6
e39,experimental,1,no_distractor,0.007142857142857151,0.21666666666666673,6,1,6
e39,experimental,2,distractor,-0.00011904761904761535,0.3367857142857143,8,1,8
e39,experimental,2,no_distractor,0.00880952380952382,0.24785714285714283,8,1,8
e39,experimental,3,distractor,-0.0033333333333333388,0.31625000000000003,8,1,8
e39,experimental,3,no_distractor,0.004523809523809516,0.31214285714285706,8,1,8
e39,experimental,4,distractor,0.011488095238095236,0.30267857142857135,8,1,8
e39,experimental,4,no_distractor,0.006666666666666681,0.3599999999999999,8,1,8
e39,experimental,5,distractor,-0.00542857142857143,0.3956666666666668,6,1,6
e39,experimental,5,no_distractor,0.004571428571428584,0.3773333333333334,6,1,6
e40,control,1,distractor,0.0012857142857142954,0.19966666666666663,6,1,6
e40,control,1,no_distractor,0.017428571428571456,0.17066666666666666,6,1,6
e40,control,2,distractor,0.008571428571428568,0.18892857142857145,8,1,8
e40,control,2,no_distractor,-0.006071428571428562,0.27107142857142846,8,1,8
e40,control,3,distractor,0.011190476190476185,0.23464285714285718,8,1,8
e40,control,3,no_distractor,-0.012738095238095217,0.2560714285714285,8,1,8
e40,control,4,distractor,-0.0011904761904761884,0.31660714285714275,8,1,8
e40,control,4,no_distractor,0.003809523809523796,0.1628571428571429,8,1,8
e40,control,5,distractor,-0.0034285714285714076,0.317,6,1,6
e40,control,5,no_distractor,-0.01142857142857142,0.17999999999999997,6,1,6
e41,experimental,1,distractor,-0.003714285714285709,0.22466666666666668,6,1,6
e41,experimental,1,no_distractor,0.027142857142857163,0.18000000000000002,6,1,6
e41,experimental,2,distractor,-0.003690476190476185,0.21910714285714283,8,1,8
e41,experimental,2,no_distractor,-0.0042857142857142885,0.3542857142857143,8,1,8
e41,experimental,3,distractor,-0.0024404761904761943,0.21160714285714288,8,1,8
e41,experimental,3,no_distractor,-0.008928571428571423,0.3789285714285715,8,1,8
e41,experimental,4,distractor,-0.0002380952380952307,0.18607142857142853,8,1,8
e41,experimental,4,no_distractor,-0.0009523809523809423,0.30428571428571416,8,1,8
e41,experimental,5,distractor,0.005142857142857156,0.207,6,1,6
e41,experimental,5,no_distractor,0.011714285714285707,0.28733333333333333,6,1,6
e42,control,1,distractor,0.0060000000000000045,0.20066666666666672,6,1,6
e42,control,1,no_distractor,0.018571428571428603,0.20999999999999994,6,1,6
e42,control,2,distractor,0.005714285714285724,0.22428571428571417,8,1,8
e42,control,2,no_distractor,-0.008928571428571447,0.3089285714285715,8,1,8
e42,control,3,distractor,0.001130952380952379,0.31428571428571433,8,1,8
e42,control,3,no_distractor,0.008333333333333335,0.26249999999999996,8,1,8
e42,control,4,distractor,-0.005476190476190477,0.26464285714285707,8,1,8
e42,control,4,no_distractor,-0.012619047619047617,0.3417857142857142,8,1,8
e42,control,5,distractor,0.007857142857142856,0.19333333333333347,6,1,6
e42,control,5,no_distractor,0.01885714285714288,0.17733333333333334,6,1,6
e43,control,1,distractor,0.00957142857142858,0.20566666666666672,6,1,6
e43,control,1,no_distractor,0.007428571428571435,0.21066666666666667,6,1,6
e43,control,2,distractor,0.022619047619047625,0.2732142857142856,8,1,8
e43,control,2,no_distractor,-7.773115951059726e-18,0.26,8,1,8
e43,control,3,distractor,-0.000714285714285731,0.43446428571428586,8,1,8
e43,control,3,no_distractor,-0.005119047619047627,0.27178571428571435,8,1,8
e43,control,4,distractor,-0.0024404761904761826,0.40035714285714274,8,1,8
e43,control,4,no_distractor,-0.0003571428571428616,0.24535714285714283,8,1,8
e43,control,5,distractor,0.006857142857142873,0.3643333333333334,6,1,6
e43,control,5,no_distractor,0.00914285714285716,0.19799999999999998,6,1,6
e44,experimental,1,distractor,0.019142857142857156,0.1813333333333334,6,1,6
e44,experimental,1,no_distractor,0.002857142857142869,0.21333333333333332,6,1,6
e44,experimental,2,distractor,0.013511904761904768,0.2735714285714285,8,1,8
e44,experimental,2,no_distractor,-0.006785714285714289,0.23928571428571424,8,1,8
e44,experimental,3,distractor,-0.00023809523809524625,0.3260714285714287,8,1,8
e44,experimental,3,no_distractor,-0.002500000000000008,0.21249999999999997,8,1,8
e44,experimental,4,distractor,-0.0010119047619047675,0.3551785714285715,8,1,8
e44,experimental,4,no_distractor,-0.0016666666666666538,0.20499999999999993,8,1,8
e44,experimental,5,distractor,-0.004857142857142862,0.34533333333333344,6,1,6
e44,experimental,5,no_distractor,0.004571428571428549,0.17733333333333343,6,1,6
e45,control,1,distractor,0.015428571428571427,0.19266666666666674,6,1,6
e45,control,1,no_distractor,0.01885714285714289,0.1906666666666667,6,1,6
e45,control,2,distractor,-0.0052380952380952465,0.26607142857142857,8,1,8
e45,control,2,no_distractor,-0.0009523809523809578,0.2517857142857142,8,1,8
e45,control,3,distractor,0.007857142857142866,0.23089285714285712,8,1,8
e45,control,3,no_distractor,0.010595238095238092,0.21607142857142853,8,1,8
e45,control,4,distractor,-0.000416666666666679,0.2700000000000001,8,1,8
e45,control,4,no_distractor,-0.023809523809523808,0.30214285714285716,8,1,8
e45,control,5,distractor,0.0034285714285714366,0.2746666666666667,6,1,6
e45,control,5,no_distractor,0.018857142857142857,0.13066666666666676,6,1,6
e46,experimental,1,distractor,0.006000000000000001,0.21733333333333335,6,1,6
e46,experimental,1,no_distractor,0.025714285714285735,0.19333333333333336,6,1,6
e46,experimental,2,distractor,0.0008333333333333347,0.23749999999999993,8,1,8
e46,experimental,2,no_distractor,-0.002261904761904773,0.3789285714285715,8,1,8
e46,experimental,3,distractor,0.01791666666666666,0.20624999999999996,8,1,8
e46,experimental,3,no_distractor,0.0014285714285714231,0.3335714285714285,8,1,8
e46,experimental,4,distractor,-0.009523809523809528,0.3678571428571429,8,1,8
e46,experimental,4,no_distractor,-0.013928571428571424,0.3739285714285713,8,1,8
e46,experimental,5,distractor,-0.0028571428571428628,0.305,6,1,6
e46,experimental,5,no_distractor,-0.013142857142857166,0.276,6,1,6
e47,control,1,distractor,0.011428571428571425,0.1933333333333334,6,1,6
e47,control,1,no_distractor,0.011428571428571442,0.19333333333333336,6,1,6
e47,control,2,distractor,0.010238095238095237,0.20892857142857144,8,1,8
e47,control,2,no_distractor,0.007738095238095243,0.2714285714285714,8,1,8
e47,control,3,distractor,0.01767857142857144,0.2610714285714284,8,1,8
e47,control,3,no_distractor,0.0003571428571428655,0.28214285714285703,8,1,8
e47,control,4,distractor,-0.009404761904761912,0.42732142857142863,8,1,8
e47,control,4,no_distractor,0.0052380952380952275,0.3339285714285715,8,1,8
e47,control,5,distractor,-0.01857142857142857,0.4233333333333334,6,1,6
e47,control,5,no_distractor,-1.1638299620940968e-17,0.3600000000000001,6,1,6
e48,control,1,distractor,0.01785714285714286,0.16833333333333342,6,1,6
e48,control,1,no_distractor,-0.0028571428571428485,0.2066666666666666,6,1,6
e48,control,2,distractor,-0.011785714285714293,0.25303571428571425,8,1,8
e48,control,2,no_distractor,0.006666666666666658,0.16500000000000006,8,1,8
e48,control,3,distractor,0.0019642857142857157,0.17928571428571424,8,1,8
e48,control,3,no_distractor,0.005238095238095239,0.21142857142857138,8,1,8
e48,control,4,distractor,-0.005714285714285702,0.19946428571428565,8,1,8
e48,control,4,no_distractor,0.006428571428571439,0.26107142857142857,8,1,8
e48,control,5,distractor,0.0022857142857142976,0.16699999999999998,6,1,6
e48,control,5,no_distractor,0.0028571428571428337,0.31666666666666676,6,1,6
e49,experimental,1,distractor,0.01971428571428573,0.16100000000000006,6,1,6
e49,experimental,1,no_distractor,0.027428571428571434,0.18733333333333332,6,1,6
e49,experimental,2,distractor,0.012678571428571421,0.30232142857142863,8,1,8
e49,experimental,2,no_distractor,-0.028928571428571404,0.3189285714285713,8,1,8
e49,experimental,3,distractor,-0.017738095238095223,0.4260714285714285,8,1,8
e49,experimental,3,no_distractor,0.01476190476190476,0.1610714285714285,8,1,8
e49,experimental,4,distractor,-0.00029761904761904423,0.3144642857142857,8,1,8
e49,experimental,4,no_distractor,0.002380952380952377,0.25428571428571434,8,1,8
e49,experimental,5,distractor,-0.00571428571428572,0.33333333333333337,6,1,6
e49,experimental,5,no_distractor,-0.004571428571428572,0.2993333333333334,6,1,6
e50,control,1,distractor,0.00714285714285714,0.19333333333333336,6,1,6
e50,control,1,no_distractor,0.01657142857142859,0.1853333333333334,6,1,6
e50,control,2,distractor,-0.0037499999999999903,0.24374999999999988,8,1,8
e50,control,2,no_distractor,0.020238095238095246,0.25392857142857134,8,1,8
e50,control,3,distractor,-0.00505952380952381,0.2196428571428571,8,1,8
e50,control,3,no_distractor,-0.00928571428571427,0.41678571428571415,8,1,8
e50,control,4,distractor,-0.002738095238095235,0.2310714285714286,8,1,8
e50,control,4,no_distractor,0.012619047619047617,0.3382142857142857,8,1,8
e50,control,5,distractor,-0.007857142857142858,0.21833333333333338,6,1,6
e50,control,5,no_distractor,-0.02285714285714288,0.47333333333333355,6,1,6
e51,experimental,1,distractor,0.01571428571428572,0.20166666666666677,6,1,6
e51,experimental,1,no_distractor,0.018571428571428603,0.20999999999999994,6,1,6
e51,experimental,2,distractor,-0.005892857142857125,0.26339285714285704,8,1,8
e51,experimental,2,no_distractor,-0.003571428571428558,0.3035714285714285,8,1,8
e51,experimental,3,distractor,-0.010000000000000004,0.20500000000000004,8,1,8
e51,experimental,3,no_distractor,-0.006309523809523824,0.2571428571428572,8,1,8
e51,experimental,4,distractor,0.0029761904761904734,0.14910714285714288,8,1,8
e51,experimental,4,no_distractor,-0.0045238095238095315,0.21285714285714288,8,1,8
e51,experimental,5,distractor,0.0022857142857142746,0.17366666666666675,6,1,6
e51,experimental,5,no_distractor,-0.02285714285714285,0.22333333333333322,6,1,6
e52,control,1,distractor,0.012428571428571454,0.20233333333333334,6,1,6
e52,control,1,no_distractor,0.02142857142857144,0.2033333333333334,6,1,6
e52,control,2,distractor,0.00291666666666666,0.26625000000000004,8,1,8
e52,control,2,no_distractor,-0.007857142857142847,0.34785714285714286,8,1,8
e52,control,3,distractor,-0.006607142857142849,0.3091071428571428,8,1,8
e52,control,3,no_distractor,-0.006666666666666665,0.3,8,1,8
e52,control,4,distractor,-0.0027380952380952387,0.28357142857142864,8,1,8
e52,control,4,no_distractor,0.005714285714285724,0.21678571428571422,8,1,8
e52,control,5,distractor,0.016857142857142852,0.21766666666666679,6,1,6
e52,control,5,no_distractor,-0.011428571428571423,0.33999999999999997,6,1,6
e53,control,1,distractor,0.00757142857142858,0.1776666666666667,6,1,6
e53,control,1,no_distractor,0.016857142857142876,0.19933333333333345,6,1,6
e53,control,2,distractor,0.0080952380952381,0.20857142857142855,8,1,8
e53,control,2,no_distractor,0.007142857142857143,0.2403571428571428,8,1,8
e53,control,3,distractor,0.008095238095238084,0.2585714285714286,8,1,8
e53,control,3,no_distractor,-0.006190476190476185,0.3378571428571429,8,1,8
e53,control,4,distractor,0.007916666666666667,0.31625,8,1,8
e53,control,4,no_distractor,0.020833333333333336,0.2174999999999999,8,1,8
e53,control,5,distractor,0.01471428571428572,0.37433333333333335,6,1,6
e53,control,5,no_distractor,0.013714285714285724,0.3653333333333334,6,1,6
e54,control,1,distractor,0.014714285714285711,0.18266666666666675,6,1,6
e54,control,1,no_distractor,0.027142857142857156,0.16666666666666669,6,1,6
e54,control,2,distractor,0.0029166666666666716,0.2775,8,1,8
e54,control,2,no_distractor,-0.01083333333333332,0.3474999999999999,8,1,8
e54,control,3,distractor,0.00422619047619046,0.2678571428571429,8,1,8
e54,control,3,no_distractor,0.0035714285714285735,0.2664285714285714,8,1,8
e54,control,4,distractor,-0.002083333333333325,0.32375,8,1,8
e54,control,4,no_distractor,-7.773115951059726e-18,0.29000000000000004,8,1,8
e54,control,5,distractor,-0.022000000000000006,0.3403333333333333,6,1,6
e54,control,5,no_distractor,-0.0005714285714285912,0.2953333333333334,6,1,6
e55,experimental,1,distractor,0.010000000000000024,0.21499999999999997,6,1,6
e55,experimental,1,no_distractor,0.01685714285714288,0.2060000000000001,6,1,6
e55,experimental,2,distractor,0.014821428571428574,0.2401785714285714,8,1,8
e55,experimental,2,no_distractor,0.009999999999999997,0.29,8,1,8
e55,experimental,3,distractor,-0.004761904761904746,0.3564285714285713,8,1,8
e55,experimental,3,no_distractor,-0.014642857142857166,0.4121428571428573,8,1,8
e55,experimental,4,distractor,-0.022976190476190466,0.43339285714285714,8,1,8
e55,experimental,4,no_distractor,1.5546231902119453e-17,0.2999999999999999,8,1,8
e55,experimental,5,distractor,0.0005714285714285853,0.24466666666666664,6,1,6
e55,experimental,5,no_distractor,-0.0005714285714285504,0.2986666666666666,6,1,6
