subject_id,group,threshold_type,previous_global_run,current_global_run,delta
e21,experimental,distractor,1,2,0.010000000000000009
e21,experimental,distractor,2,3,0.019999999999999962
e21,experimental,distractor,3,4,0.0
e21,experimental,distractor,4,5,0.0
e21,experimental,distractor,5,6,0.0
e21,experimental,distractor,6,7,0.0
e21,experimental,distractor,7,8,0.03500000000000003
e21,experimental,distractor,8,9,0.03500000000000003
e21,experimental,distractor,9,10,-0.010000000000000009
e21,experimental,distractor,10,11,0.020000000000000018
e21,experimental,distractor,11,12,0.03499999999999992
e21,experimental,distractor,12,13,0.010000000000000009
e21,experimental,distractor,13,14,0.0
e21,experimental,distractor,14,15,0.0
e21,experimental,distractor,15,16,0.020000000000000018
e21,experimental,distractor,16,17,0.0
e21,experimental,distractor,17,18,0.03500000000000003
e21,experimental,distractor,18,19,0.03499999999999992
e21,experimental,distractor,19,20,0.03500000000000003
e21,experimental,distractor,20,21,-0.04999999999999999
e21,experimental,distractor,21,22,0.034999999999999976
e21,experimental,distractor,22,23,0.0
e21,experimental,distractor,23,24,0.03500000000000003
e21,experimental,distractor,24,25,-0.04999999999999999
e21,experimental,distractor,25,26,0.0
e21,experimental,distractor,26,27,0.020000000000000018
e21,experimental,distractor,27,28,0.0
e21,experimental,distractor,28,29,0.034999999999999976
e21,experimental,distractor,29,30,0.010000000000000009
e21,experimental,distractor,30,31,0.0
e21,experimental,distractor,31,32,-0.050000000000000044
e21,experimental,distractor,32,33,0.025000000000000022
e21,experimental,distractor,33,34,0.0
e21,experimental,distractor,34,35,0.010000000000000009
e21,experimental,distractor,35,36,0.020000000000000018
e21,experimental,no_distractor,1,2,0.050000000000000044
e21,experimental,no_distractor,2,3,0.020000000000000018
e21,experimental,no_distractor,3,4,0.0
e21,experimental,no_distractor,4,5,0.0
e21,experimental,no_distractor,5,6,0.0
e21,experimental,no_distractor,6,7,0.0
e21,experimental,no_distractor,7,8,0.04999999999999993
e21,experimental,no_distractor,8,9,0.020000000000000018
e21,experimental,no_distractor,9,10,0.0
e21,experimental,no_distractor,10,11,0.020000000000000018
e21,experimental,no_distractor,11,12,0.050000000000000044
e21,experimental,no_distractor,12,13,0.020000000000000018
e21,experimental,no_distractor,13,14,-0.050000000000000044
e21,experimental,no_distractor,14,15,0.0
e21,experimental,no_distractor,15,16,0.020000000000000018
e21,experimental,no_distractor,16,17,0.0
e21,experimental,no_distractor,17,18,0.0
e21,experimental,no_distractor,18,19,-0.020000000000000018
e21,experimental,no_distractor,19,20,0.020000000000000018
e21,experimental,no_distractor,20,21,0.0
e21,experimental,no_distractor,21,22,0.0
e21,experimental,no_distractor,22,23,0.0
e21,experimental,no_distractor,23,24,-0.050000000000000044
e21,experimental,no_distractor,24,25,-0.020000000000000018
e21,experimental,no_distractor,25,26,-0.04999999999999993
e21,experimental,no_distractor,26,27,0.0
e21,experimental,no_distractor,27,28,0.0
e21,experimental,no_distractor,28,29,0.0
e21,experimental,no_distractor,29,30,0.020000000000000018
e21,experimental,no_distractor,30,31,0.0
e21,experimental,no_distractor,31,32,-0.10000000000000009
e21,experimental,no_distractor,32,33,0.0
e21,experimental,no_distractor,33,34,0.050000000000000044
e21,experimental,no_distractor,34,35,0.020000000000000018
e21,experimental,no_distractor,35,36,0.020000000000000018
e22,experimental,distractor,1,2,0.04999999999999999
e22,experimental,distractor,2,3,0.0
e22,experimental,distractor,3,4,0.0
e22,experimental,distractor,4,5,0.0
e22,experimental,distractor,5,6,0.010000000000000009
e22,experimental,distractor,6,7,0.0
e22,experimental,distractor,7,8,0.03500000000000003
e22,experimental,distractor,8,9,0.019999999999999962
e22,experimental,distractor,9,10,0.024999999999999967
e22,experimental,distractor,10,11,0.020000000000000018
e22,experimental,distractor,11,12,0.0
e22,experimental,distractor,12,13,0.020000000000000018
e22,experimental,distractor,13,14,0.0
e22,experimental,distractor,14,15,0.0
e22,experimental,distractor,15,16,0.04999999999999999
e22,experimental,distractor,16,17,-0.010000000000000009
e22,experimental,distractor,17,18,-0.024999999999999967
e22,experimental,distractor,18,19,-0.010000000000000009
e22,experimental,distractor,19,20,0.0
e22,experimental,distractor,20,21,0.020000000000000018
e22,experimental,distractor,21,22,0.0
e22,experimental,distractor,22,23,0.0
e22,experimental,distractor,23,24,-0.025000000000000022
e22,experimental,distractor,24,25,0.0
e22,experimental,distractor,25,26,0.020000000000000018
e22,experimental,distractor,26,27,0.0
e22,experimental,distractor,27,28,0.0
e22,experimental,distractor,28,29,0.0
e22,experimental,distractor,29,30,-0.050000000000000044
e22,experimental,distractor,30,31,0.0
e22,experimental,distractor,31,32,0.03500000000000003
e22,experimental,distractor,32,33,0.010000000000000009
e22,experimental,distractor,33,34,0.020000000000000018
e22,experimental,distractor,34,35,0.009999999999999953
e22,experimental,distractor,35,36,0.020000000000000018
e22,experimental,no_distractor,1,2,0.050000000000000044
e22,experimental,no_distractor,2,3,0.0
e22,experimental,no_distractor,3,4,0.0
e22,experimental,no_distractor,4,5,0.0
e22,experimental,no_distractor,5,6,0.050000000000000044
e22,experimental,no_distractor,6,7,0.0
e22,experimental,no_distractor,7,8,0.019999999999999907
e22,experimental,no_distractor,8,9,0.020000000000000018
e22,experimental,no_distractor,9,10,0.020000000000000018
e22,experimental,no_distractor,10,11,0.020000000000000018
e22,experimental,no_distractor,11,12,-0.020000000000000018
e22,experimental,no_distractor,12,13,0.0
e22,experimental,no_distractor,13,14,0.050000000000000044
e22,experimental,no_distractor,14,15,0.0
e22,experimental,no_distractor,15,16,0.0
e22,experimental,no_distractor,16,17,0.0
e22,experimental,no_distractor,17,18,0.0
e22,experimental,no_distractor,18,19,-0.020000000000000018
e22,experimental,no_distractor,19,20,-0.050000000000000044
e22,experimental,no_distractor,20,21,-0.020000000000000018
e22,experimental,no_distractor,21,22,0.0
e22,experimental,no_distractor,22,23,0.0
e22,experimental,no_distractor,23,24,0.0
e22,experimental,no_distractor,24,25,0.0
e22,experimental,no_distractor,25,26,0.0
e22,experimental,no_distractor,26,27,0.050000000000000044
e22,experimental,no_distractor,27,28,0.0
e22,experimental,no_distractor,28,29,0.0
e22,experimental,no_distractor,29,30,0.0
e22,experimental,no_distractor,30,31,0.0
e22,experimental,no_distractor,31,32,0.020000000000000018
e22,experimental,no_distractor,32,33,0.020000000000000018
e22,experimental,no_distractor,33,34,0.0
e22,experimental,no_distractor,34,35,0.0
e22,experimental,no_distractor,35,36,0.0
e23,control,distractor,1,2,0.0
e23,control,distractor,2,3,-0.010000000000000009
e23,control,distractor,3,4,0.010000000000000009
e23,control,distractor,4,5,-0.05000000000000002
e23,control,distractor,5,6,0.035
e23,control,distractor,6,7,0.0
e23,control,distractor,7,8,0.0
e23,control,distractor,8,9,0.010000000000000009
e23,control,distractor,9,10,0.0
e23,control,distractor,10,11,0.0
e23,control,distractor,11,12,0.0
e23,control,distractor,12,13,0.01999999999999999
e23,control,distractor,13,14,-0.05000000000000002
e23,control,distractor,14,15,0.0
e23,control,distractor,15,16,0.0
e23,control,distractor,16,17,0.03500000000000003
e23,control,distractor,17,18,0.0
e23,control,distractor,18,19,0.020000000000000018
e23,control,distractor,19,20,0.009999999999999981
e23,control,distractor,20,21,0.0
e23,control,distractor,21,22,0.035
e23,control,distractor,22,23,0.0
e23,control,distractor,23,24,-0.010000000000000009
e23,control,distractor,24,25,-0.015000000000000013
e23,control,distractor,25,26,0.0
e23,control,distractor,26,27,0.0
e23,control,distractor,27,28,0.0
e23,control,distractor,28,29,-0.04999999999999999
e23,control,distractor,29,30,0.0
e23,control,distractor,30,31,0.0
e23,control,distractor,31,32,0.0
e23,control,distractor,32,33,0.035
e23,control,distractor,33,34,0.01999999999999999
e23,control,distractor,34,35,0.010000000000000009
e23,control,distractor,35,36,0.0
e23,control,no_distractor,1,2,0.0
e23,control,no_distractor,2,3,-0.04999999999999993
e23,control,no_distractor,3,4,0.020000000000000018
e23,control,no_distractor,4,5,0.0
e23,control,no_distractor,5,6,0.019999999999999907
e23,control,no_distractor,6,7,0.0
e23,control,no_distractor,7,8,-0.09999999999999998
e23,control,no_distractor,8,9,0.050000000000000044
e23,control,no_distractor,9,10,0.0
e23,control,no_distractor,10,11,0.0
e23,control,no_distractor,11,12,-0.050000000000000044
e23,control,no_distractor,12,13,0.050000000000000044
e23,control,no_distractor,13,14,0.0
e23,control,no_distractor,14,15,0.0
e23,control,no_distractor,15,16,0.0
e23,control,no_distractor,16,17,0.0
e23,control,no_distractor,17,18,-0.020000000000000018
e23,control,no_distractor,18,19,0.0
e23,control,no_distractor,19,20,0.050000000000000044
e23,control,no_distractor,20,21,0.0
e23,control,no_distractor,21,22,0.019999999999999907
e23,control,no_distractor,22,23,0.0
e23,control,no_distractor,23,24,-0.019999999999999907
e23,control,no_distractor,24,25,0.019999999999999907
e23,control,no_distractor,25,26,0.0
e23,control,no_distractor,26,27,0.0
e23,control,no_distractor,27,28,0.0
e23,control,no_distractor,28,29,0.0
e23,control,no_distractor,29,30,0.0
e23,control,no_distractor,30,31,0.0
e23,control,no_distractor,31,32,0.0
e23,control,no_distractor,32,33,0.0
e23,control,no_distractor,33,34,0.0
e23,control,no_distractor,34,35,0.020000000000000018
e23,control,no_distractor,35,36,0.020000000000000018
e24,control,distractor,1,2,0.010000000000000009
e24,control,distractor,2,3,0.024999999999999967
e24,control,distractor,3,4,0.020000000000000018
e24,control,distractor,4,5,0.0
e24,control,distractor,5,6,0.0
e24,control,distractor,6,7,0.0
e24,control,distractor,7,8,0.0
e24,control,distractor,8,9,0.0
e24,control,distractor,9,10,0.020000000000000018
e24,control,distractor,10,11,0.0
e24,control,distractor,11,12,0.010000000000000009
e24,control,distractor,12,13,0.019999999999999962
e24,control,distractor,13,14,0.024999999999999967
e24,control,distractor,14,15,0.0
e24,control,distractor,15,16,0.0
e24,control,distractor,16,17,0.0
e24,control,distractor,17,18,0.0
e24,control,distractor,18,19,0.0
e24,control,distractor,19,20,0.0
e24,control,distractor,20,21,-0.009999999999999953
e24,control,distractor,21,22,0.0
e24,control,distractor,22,23,0.0
e24,control,distractor,23,24,0.034999999999999976
e24,control,distractor,24,25,0.0
e24,control,distractor,25,26,-0.04999999999999999
e24,control,distractor,26,27,0.0
e24,control,distractor,27,28,0.0
e24,control,distractor,28,29,0.0
e24,control,distractor,29,30,0.0
e24,control,distractor,30,31,0.0
e24,control,distractor,31,32,-0.07500000000000001
e24,control,distractor,32,33,0.0
e24,control,distractor,33,34,0.0
e24,control,distractor,34,35,0.010000000000000009
e24,control,distractor,35,36,-0.014999999999999986
e24,control,no_distractor,1,2,0.050000000000000044
e24,control,no_distractor,2,3,0.050000000000000044
e24,control,no_distractor,3,4,0.04999999999999993
e24,control,no_distractor,4,5,0.0
e24,control,no_distractor,5,6,0.020000000000000018
e24,control,no_distractor,6,7,0.0
e24,control,no_distractor,7,8,0.0
e24,control,no_distractor,8,9,0.020000000000000018
e24,control,no_distractor,9,10,0.0
e24,control,no_distractor,10,11,0.0
e24,control,no_distractor,11,12,0.020000000000000018
e24,control,no_distractor,12,13,0.0
e24,control,no_distractor,13,14,0.020000000000000018
e24,control,no_distractor,14,15,0.0
e24,control,no_distractor,15,16,0.0
e24,control,no_distractor,16,17,0.0
e24,control,no_distractor,17,18,0.0
e24,control,no_distractor,18,19,0.019999999999999907
e24,control,no_distractor,19,20,0.0
e24,control,no_distractor,20,21,0.0
e24,control,no_distractor,21,22,0.0
e24,control,no_distractor,22,23,0.0
e24,control,no_distractor,23,24,0.020000000000000018
e24,control,no_distractor,24,25,0.0
e24,control,no_distractor,25,26,0.0
e24,control,no_distractor,26,27,0.0
e24,control,no_distractor,27,28,0.0
e24,control,no_distractor,28,29,0.0
e24,control,no_distractor,29,30,0.0
e24,control,no_distractor,30,31,0.0
e24,control,no_distractor,31,32,0.0
e24,control,no_distractor,32,33,0.0
e24,control,no_distractor,33,34,-0.020000000000000018
e24,control,no_distractor,34,35,0.020000000000000018
e24,control,no_distractor,35,36,0.020000000000000018
e25,experimental,distractor,1,2,0.034999999999999976
e25,experimental,distractor,2,3,0.0
e25,experimental,distractor,3,4,0.010000000000000009
e25,experimental,distractor,4,5,0.010000000000000009
e25,experimental,distractor,5,6,0.010000000000000009
e25,experimental,distractor,6,7,0.0
e25,experimental,distractor,7,8,0.0
e25,experimental,distractor,8,9,0.0
e25,experimental,distractor,9,10,-0.03999999999999998
e25,experimental,distractor,10,11,0.0
e25,experimental,distractor,11,12,0.04999999999999999
e25,experimental,distractor,12,13,-0.010000000000000009
e25,experimental,distractor,13,14,0.0
e25,experimental,distractor,14,15,0.0
e25,experimental,distractor,15,16,-0.025000000000000022
e25,experimental,distractor,16,17,-0.024999999999999994
e25,experimental,distractor,17,18,0.0
e25,experimental,distractor,18,19,0.0
e25,experimental,distractor,19,20,0.0
e25,experimental,distractor,20,21,0.0
e25,experimental,distractor,21,22,0.0
e25,experimental,distractor,22,23,0.0
e25,experimental,distractor,23,24,-0.024999999999999994
e25,experimental,distractor,24,25,0.010000000000000009
e25,experimental,distractor,25,26,0.0
e25,experimental,distractor,26,27,-0.04999999999999999
e25,experimental,distractor,27,28,-0.05000000000000002
e25,experimental,distractor,28,29,0.04999999999999999
e25,experimental,distractor,29,30,-0.009999999999999981
e25,experimental,distractor,30,31,0.0
e25,experimental,distractor,31,32,0.0
e25,experimental,distractor,32,33,0.034999999999999976
e25,experimental,distractor,33,34,-0.019999999999999962
e25,experimental,distractor,34,35,0.019999999999999962
e25,experimental,distractor,35,36,0.020000000000000018
e25,experimental,no_distractor,1,2,0.020000000000000018
e25,experimental,no_distractor,2,3,0.0
e25,experimental,no_distractor,3,4,0.020000000000000018
e25,experimental,no_distractor,4,5,0.050000000000000044
e25,experimental,no_distractor,5,6,0.0
e25,experimental,no_distractor,6,7,0.0
e25,experimental,no_distractor,7,8,0.0
e25,experimental,no_distractor,8,9,0.0
e25,experimental,no_distractor,9,10,0.020000000000000018
e25,experimental,no_distractor,10,11,0.0
e25,experimental,no_distractor,11,12,0.04999999999999993
e25,experimental,no_distractor,12,13,0.0
e25,experimental,no_distractor,13,14,0.0
e25,experimental,no_distractor,14,15,0.0
e25,experimental,no_distractor,15,16,0.0
e25,experimental,no_distractor,16,17,0.0
e25,experimental,no_distractor,17,18,0.0
e25,experimental,no_distractor,18,19,0.0
e25,experimental,no_distractor,19,20,0.0
e25,experimental,no_distractor,20,21,0.0
e25,experimental,no_distractor,21,22,0.0
e25,experimental,no_distractor,22,23,0.0
e25,experimental,no_distractor,23,24,-0.04999999999999993
e25,experimental,no_distractor,24,25,0.05999999999999994
e25,experimental,no_distractor,25,26,0.0
e25,experimental,no_distractor,26,27,0.0
e25,experimental,no_distractor,27,28,0.0
e25,experimental,no_distractor,28,29,0.0
e25,experimental,no_distractor,29,30,0.0
e25,experimental,no_distractor,30,31,0.0
e25,experimental,no_distractor,31,32,0.0
e25,experimental,no_distractor,32,33,0.020000000000000018
e25,experimental,no_distractor,33,34,0.0
e25,experimental,no_distractor,34,35,0.020000000000000018
e25,experimental,no_distractor,35,36,0.0
e26,experimental,distractor,1,2,0.0
e26,experimental,distractor,2,3,0.0
e26,experimental,distractor,3,4,-0.025000000000000022
e26,experimental,distractor,4,5,0.0
e26,experimental,distractor,5,6,0.010000000000000009
e26,experimental,distractor,6,7,0.0
e26,experimental,distractor,7,8,0.0
e26,experimental,distractor,8,9,0.035
e26,experimental,distractor,9,10,0.024999999999999994
e26,experimental,distractor,10,11,0.0
e26,experimental,distractor,11,12,0.03500000000000003
e26,experimental,distractor,12,13,0.0
e26,experimental,distractor,13,14,-0.025000000000000022
e26,experimental,distractor,14,15,0.0
e26,experimental,distractor,15,16,0.020000000000000018
e26,experimental,distractor,16,17,0.0
e26,experimental,distractor,17,18,0.034999999999999976
e26,experimental,distractor,18,19,-0.04999999999999999
e26,experimental,distractor,19,20,0.0
e26,experimental,distractor,20,21,-0.010000000000000009
e26,experimental,distractor,21,22,0.0
e26,experimental,distractor,22,23,0.0
e26,experimental,distractor,23,24,0.020000000000000018
e26,experimental,distractor,24,25,-0.025000000000000022
e26,experimental,distractor,25,26,0.025000000000000022
e26,experimental,distractor,26,27,0.0
e26,experimental,distractor,27,28,-0.05000000000000002
e26,experimental,distractor,28,29,0.01999999999999999
e26,experimental,distractor,29,30,0.0
e26,experimental,distractor,30,31,0.0
e26,experimental,distractor,31,32,0.0
e26,experimental,distractor,32,33,0.010000000000000009
e26,experimental,distractor,33,34,0.0
e26,experimental,distractor,34,35,-0.025000000000000022
e26,experimental,distractor,35,36,0.03500000000000003
e26,experimental,no_distractor,1,2,0.0
e26,experimental,no_distractor,2,3,0.0
e26,experimental,no_distractor,3,4,0.0
e26,experimental,no_distractor,4,5,0.0
e26,experimental,no_distractor,5,6,0.020000000000000018
e26,experimental,no_distractor,6,7,0.0
e26,experimental,no_distractor,7,8,0.0
e26,experimental,no_distractor,8,9,0.0
e26,experimental,no_distractor,9,10,0.020000000000000018
e26,experimental,no_distractor,10,11,0.0
e26,experimental,no_distractor,11,12,0.020000000000000018
e26,experimental,no_distractor,12,13,0.0
e26,experimental,no_distractor,13,14,-0.09999999999999998
e26,experimental,no_distractor,14,15,0.0
e26,experimental,no_distractor,15,16,0.020000000000000018
e26,experimental,no_distractor,16,17,0.0
e26,experimental,no_distractor,17,18,0.019999999999999907
e26,experimental,no_distractor,18,19,0.0
e26,experimental,no_distractor,19,20,0.0
e26,experimental,no_distractor,20,21,-0.04999999999999993
e26,experimental,no_distractor,21,22,0.0
e26,experimental,no_distractor,22,23,0.0
e26,experimental,no_distractor,23,24,0.0
e26,experimental,no_distractor,24,25,0.0
e26,experimental,no_distractor,25,26,0.020000000000000018
e26,experimental,no_distractor,26,27,0.0
e26,experimental,no_distractor,27,28,0.0
e26,experimental,no_distractor,28,29,0.0
e26,experimental,no_distractor,29,30,0.0
e26,experimental,no_distractor,30,31,0.0
e26,experimental,no_distractor,31,32,-0.10000000000000009
e26,experimental,no_distractor,32,33,0.050000000000000044
e26,experimental,no_distractor,33,34,0.050000000000000044
e26,experimental,no_distractor,34,35,0.0
e26,experimental,no_distractor,35,36,0.0
e27,control,distractor,1,2,0.0
e27,control,distractor,2,3,-0.06
e27,control,distractor,3,4,0.0
e27,control,distractor,4,5,0.0
e27,control,distractor,7,8,0.034999999999999976
e27,control,distractor,8,9,0.025000000000000022
e27,control,distractor,9,10,0.01999999999999999
e27,control,distractor,10,11,0.05000000000000002
e27,control,distractor,11,12,0.0
e27,control,distractor,12,13,-0.025000000000000022
e27,control,distractor,13,14,0.0
e27,control,distractor,14,15,0.0
e27,control,distractor,15,16,0.010000000000000009
e27,control,distractor,16,17,-0.04999999999999999
e27,control,distractor,17,18,0.0
e27,control,distractor,18,19,0.0
e27,control,distractor,19,20,0.019999999999999962
e27,control,distractor,20,21,0.020000000000000018
e27,control,distractor,21,22,-0.010000000000000009
e27,control,distractor,22,23,0.0
e27,control,distractor,23,24,0.0
e27,control,distractor,24,25,0.010000000000000009
e27,control,distractor,25,26,0.0
e27,control,distractor,26,27,-0.024999999999999994
e27,control,distractor,27,28,0.009999999999999981
e27,control,distractor,28,29,-0.024999999999999967
e27,control,distractor,29,30,0.034999999999999976
e27,control,distractor,30,31,0.0
e27,control,distractor,31,32,0.010000000000000009
e27,control,distractor,32,33,-0.04999999999999999
e27,control,distractor,33,34,0.0
e27,control,distractor,34,35,0.0
e27,control,distractor,35,36,0.010000000000000009
e27,control,no_distractor,1,2,0.0
e27,control,no_distractor,2,3,0.0
e27,control,no_distractor,3,4,0.0
e27,control,no_distractor,4,5,0.0
e27,control,no_distractor,7,8,0.050000000000000044
e27,control,no_distractor,8,9,0.050000000000000044
e27,control,no_distractor,9,10,0.019999999999999907
e27,control,no_distractor,10,11,0.0
e27,control,no_distractor,11,12,-0.019999999999999907
e27,control,no_distractor,12,13,0.04999999999999993
e27,control,no_distractor,13,14,0.0
e27,control,no_distractor,14,15,0.0
e27,control,no_distractor,15,16,0.020000000000000018
e27,control,no_distractor,16,17,0.0
e27,control,no_distractor,17,18,0.0
e27,control,no_distractor,18,19,0.0
e27,control,no_distractor,19,20,0.0
e27,control,no_distractor,20,21,0.0
e27,control,no_distractor,21,22,-0.020000000000000018
e27,control,no_distractor,22,23,0.0
e27,control,no_distractor,23,24,-0.020000000000000018
e27,control,no_distractor,24,25,0.0
e27,control,no_distractor,25,26,0.0
e27,control,no_distractor,26,27,0.0
e27,control,no_distractor,27,28,0.0
e27,control,no_distractor,28,29,0.0
e27,control,no_distractor,29,30,0.0
e27,control,no_distractor,30,31,0.0
e27,control,no_distractor,31,32,0.020000000000000018
e27,control,no_distractor,32,33,0.0
e27,control,no_distractor,33,34,0.0
e27,control,no_distractor,34,35,0.0
e27,control,no_distractor,35,36,0.020000000000000018
e29,experimental,distractor,1,2,0.04999999999999999
e29,experimental,distractor,2,3,0.0
e29,experimental,distractor,3,4,0.0
e29,experimental,distractor,4,5,-0.06
e29,experimental,distractor,5,6,0.0
e29,experimental,distractor,6,7,0.0
e29,experimental,distractor,7,8,-0.04999999999999999
e29,experimental,distractor,8,9,0.0
e29,experimental,distractor,9,10,0.01999999999999999
e29,experimental,distractor,10,11,0.0
e29,experimental,distractor,11,12,0.024999999999999994
e29,experimental,distractor,12,13,-0.03999999999999998
e29,experimental,distractor,13,14,0.024999999999999967
e29,experimental,distractor,14,15,0.0
e29,experimental,distractor,15,16,0.025000000000000022
e29,experimental,distractor,16,17,-0.025000000000000022
e29,experimental,distractor,17,18,-0.009999999999999981
e29,experimental,distractor,18,19,0.01999999999999999
e29,experimental,distractor,19,20,0.0
e29,experimental,distractor,20,21,0.0
e29,experimental,distractor,21,22,0.03500000000000003
e29,experimental,distractor,22,23,0.0
e29,experimental,distractor,23,24,0.0
e29,experimental,distractor,24,25,0.0
e29,experimental,distractor,25,26,-0.05000000000000002
e29,experimental,distractor,26,27,0.024999999999999994
e29,experimental,distractor,27,28,0.01999999999999999
e29,experimental,distractor,28,29,0.01999999999999999
e29,experimental,distractor,29,30,0.025000000000000022
e29,experimental,distractor,30,31,0.0
e29,experimental,distractor,31,32,0.0
e29,experimental,distractor,32,33,-0.04999999999999999
e29,experimental,distractor,33,34,0.0
e29,experimental,distractor,34,35,-0.025000000000000022
e29,experimental,distractor,35,36,0.020000000000000018
e29,experimental,no_distractor,1,2,0.050000000000000044
e29,experimental,no_distractor,2,3,0.0
e29,experimental,no_distractor,3,4,0.0
e29,experimental,no_distractor,4,5,0.0
e29,experimental,no_distractor,5,6,0.0
e29,experimental,no_distractor,6,7,0.0
e29,experimental,no_distractor,7,8,0.0
e29,experimental,no_distractor,8,9,0.0
e29,experimental,no_distractor,9,10,0.020000000000000018
e29,experimental,no_distractor,10,11,0.0
e29,experimental,no_distractor,11,12,0.020000000000000018
e29,experimental,no_distractor,12,13,0.04999999999999993
e29,experimental,no_distractor,13,14,0.020000000000000018
e29,experimental,no_distractor,14,15,0.0
e29,experimental,no_distractor,15,16,0.020000000000000018
e29,experimental,no_distractor,16,17,-0.050000000000000044
e29,experimental,no_distractor,17,18,0.0
e29,experimental,no_distractor,18,19,0.020000000000000018
e29,experimental,no_distractor,19,20,0.0
e29,experimental,no_distractor,20,21,0.0
e29,experimental,no_distractor,21,22,0.020000000000000018
e29,experimental,no_distractor,22,23,0.0
e29,experimental,no_distractor,23,24,0.0
e29,experimental,no_distractor,24,25,0.0
e29,experimental,no_distractor,25,26,0.0
e29,experimental,no_distractor,26,27,0.020000000000000018
e29,experimental,no_distractor,27,28,0.020000000000000018
e29,experimental,no_distractor,28,29,0.020000000000000018
e29,experimental,no_distractor,29,30,0.019999999999999907
e29,experimental,no_distractor,30,31,0.0
e29,experimental,no_distractor,31,32,0.0
e29,experimental,no_distractor,32,33,0.0
e29,experimental,no_distractor,33,34,0.0
e29,experimental,no_distractor,34,35,0.0
e29,experimental,no_distractor,35,36,0.020000000000000018
e30,experimental,distractor,1,2,0.0
e30,experimental,distractor,2,3,0.01999999999999999
e30,experimental,distractor,3,4,0.0
e30,experimental,distractor,4,5,0.0
e30,experimental,distractor,5,6,0.009999999999999981
e30,experimental,distractor,6,7,0.0
e30,experimental,distractor,7,8,0.0
e30,experimental,distractor,8,9,0.03500000000000003
e30,experimental,distractor,9,10,0.0
e30,experimental,distractor,10,11,0.0
e30,experimental,distractor,11,12,-0.025000000000000022
e30,experimental,distractor,12,13,0.0
e30,experimental,distractor,13,14,0.03500000000000003
e30,experimental,distractor,14,15,0.0
e30,experimental,distractor,15,16,-0.010000000000000009
e30,experimental,distractor,16,17,0.024999999999999967
e30,experimental,distractor,17,18,-0.009999999999999953
e30,experimental,distractor,18,19,-0.03500000000000003
e30,experimental,distractor,19,20,-0.010000000000000009
e30,experimental,distractor,20,21,0.0
e30,experimental,distractor,21,22,-0.010000000000000009
e30,experimental,distractor,22,23,0.0
e30,experimental,distractor,23,24,0.0
e30,experimental,distractor,24,25,0.0
e30,experimental,distractor,25,26,0.0
e30,experimental,distractor,26,27,0.020000000000000018
e30,experimental,distractor,27,28,0.0
e30,experimental,distractor,28,29,0.0
e30,experimental,distractor,29,30,0.0
e30,experimental,distractor,30,31,0.0
e30,experimental,distractor,31,32,0.0
e30,experimental,distractor,32,33,0.010000000000000009
e30,experimental,distractor,33,34,0.025000000000000022
e30,experimental,distractor,34,35,0.020000000000000018
e30,experimental,distractor,35,36,-0.010000000000000009
e30,experimental,no_distractor,1,2,0.0
e30,experimental,no_distractor,2,3,0.050000000000000044
e30,experimental,no_distractor,3,4,0.0
e30,experimental,no_distractor,4,5,0.0
e30,experimental,no_distractor,5,6,0.050000000000000044
e30,experimental,no_distractor,6,7,0.0
e30,experimental,no_distractor,7,8,0.0
e30,experimental,no_distractor,8,9,0.0
e30,experimental,no_distractor,9,10,0.0
e30,experimental,no_distractor,10,11,0.0
e30,experimental,no_distractor,11,12,-0.020000000000000018
e30,experimental,no_distractor,12,13,0.0
e30,experimental,no_distractor,13,14,-0.020000000000000018
e30,experimental,no_distractor,14,15,0.0
e30,experimental,no_distractor,15,16,-0.050000000000000044
e30,experimental,no_distractor,16,17,0.020000000000000018
e30,experimental,no_distractor,17,18,0.0
e30,experimental,no_distractor,18,19,0.0
e30,experimental,no_distractor,19,20,0.0
e30,experimental,no_distractor,20,21,0.020000000000000018
e30,experimental,no_distractor,21,22,-0.09999999999999998
e30,experimental,no_distractor,22,23,0.0
e30,experimental,no_distractor,23,24,0.0
e30,experimental,no_distractor,24,25,0.0
e30,experimental,no_distractor,25,26,0.04999999999999993
e30,experimental,no_distractor,26,27,0.0
e30,experimental,no_distractor,27,28,0.020000000000000018
e30,experimental,no_distractor,28,29,0.0
e30,experimental,no_distractor,29,30,0.0
e30,experimental,no_distractor,30,31,0.0
e30,experimental,no_distractor,31,32,-0.09999999999999998
e30,experimental,no_distractor,32,33,0.050000000000000044
e30,experimental,no_distractor,33,34,0.04999999999999993
e30,experimental,no_distractor,34,35,0.020000000000000018
e30,experimental,no_distractor,35,36,0.0
e31,experimental,distractor,1,2,0.010000000000000009
e31,experimental,distractor,2,3,-0.05000000000000002
e31,experimental,distractor,3,4,0.035
e31,experimental,distractor,4,5,0.020000000000000018
e31,experimental,distractor,5,6,0.0
e31,experimental,distractor,6,7,0.0
e31,experimental,distractor,7,8,0.0
e31,experimental,distractor,8,9,0.0
e31,experimental,distractor,9,10,0.0
e31,experimental,distractor,10,11,0.01999999999999999
e31,experimental,distractor,11,12,0.0
e31,experimental,distractor,12,13,-0.05000000000000002
e31,experimental,distractor,13,14,0.035
e31,experimental,distractor,14,15,0.0
e31,experimental,distractor,15,16,0.01999999999999999
e31,experimental,distractor,16,17,-0.024999999999999994
e31,experimental,distractor,17,18,-0.024999999999999994
e31,experimental,distractor,18,19,0.0
e31,experimental,distractor,19,20,-0.010000000000000009
e31,experimental,distractor,20,21,0.0
e31,experimental,distractor,21,22,0.0
e31,experimental,distractor,22,23,0.0
e31,experimental,distractor,23,24,0.0
e31,experimental,distractor,24,25,0.0
e31,experimental,distractor,25,26,0.025000000000000022
e31,experimental,distractor,26,27,-0.010000000000000009
e31,experimental,distractor,27,28,-0.015000000000000013
e31,experimental,distractor,28,29,-0.009999999999999981
e31,experimental,distractor,29,30,0.01999999999999999
e31,experimental,distractor,30,31,0.0
e31,experimental,distractor,31,32,0.0
e31,experimental,distractor,32,33,0.0
e31,experimental,distractor,33,34,0.01999999999999999
e31,experimental,distractor,34,35,0.0
e31,experimental,distractor,35,36,0.020000000000000018
e31,experimental,no_distractor,1,2,0.050000000000000044
e31,experimental,no_distractor,2,3,0.0
e31,experimental,no_distractor,3,4,0.050000000000000044
e31,experimental,no_distractor,4,5,0.0
e31,experimental,no_distractor,5,6,0.0
e31,experimental,no_distractor,6,7,0.0
e31,experimental,no_distractor,7,8,0.0
e31,experimental,no_distractor,8,9,0.0
e31,experimental,no_distractor,9,10,-0.050000000000000044
e31,experimental,no_distractor,10,11,0.0
e31,experimental,no_distractor,11,12,0.0
e31,experimental,no_distractor,12,13,0.0
e31,experimental,no_distractor,13,14,-0.020000000000000018
e31,experimental,no_distractor,14,15,0.0
e31,experimental,no_distractor,15,16,0.020000000000000018
e31,experimental,no_distractor,16,17,0.0
e31,experimental,no_distractor,17,18,0.0
e31,experimental,no_distractor,18,19,0.020000000000000018
e31,experimental,no_distractor,19,20,0.0
e31,experimental,no_distractor,20,21,0.0
e31,experimental,no_distractor,21,22,0.0
e31,experimental,no_distractor,22,23,0.0
e31,experimental,no_distractor,23,24,0.0
e31,experimental,no_distractor,24,25,0.0
e31,experimental,no_distractor,25,26,0.0
e31,experimental,no_distractor,26,27,0.0
e31,experimental,no_distractor,27,28,0.020000000000000018
e31,experimental,no_distractor,28,29,-0.050000000000000044
e31,experimental,no_distractor,29,30,0.0
e31,experimental,no_distractor,30,31,0.0
e31,experimental,no_distractor,31,32,-0.020000000000000018
e31,experimental,no_distractor,32,33,-0.04999999999999993
e31,experimental,no_distractor,33,34,0.04999999999999993
e31,experimental,no_distractor,34,35,0.0
e31,experimental,no_distractor,35,36,0.0
e32,experimental,distractor,1,2,0.0
e32,experimental,distractor,2,3,0.0
e32,experimental,distractor,3,4,0.034999999999999976
e32,experimental,distractor,4,5,0.010000000000000009
e32,experimental,distractor,5,6,0.0
e32,experimental,distractor,6,7,0.0
e32,experimental,distractor,7,8,0.020000000000000018
e32,experimental,distractor,8,9,0.0
e32,experimental,distractor,9,10,0.034999999999999976
e32,experimental,distractor,10,11,0.010000000000000009
e32,experimental,distractor,11,12,0.034999999999999976
e32,experimental,distractor,12,13,0.0
e32,experimental,distractor,13,14,-0.010000000000000009
e32,experimental,distractor,14,15,0.0
e32,experimental,distractor,15,16,0.0
e32,experimental,distractor,16,17,-0.024999999999999967
e32,experimental,distractor,17,18,0.0
e32,experimental,distractor,18,19,5.551115123125783e-17
e32,experimental,distractor,19,20,-0.050000000000000044
e32,experimental,distractor,20,21,0.0
e32,experimental,distractor,21,22,0.020000000000000018
e32,experimental,distractor,22,23,0.0
e32,experimental,distractor,23,24,-0.025000000000000022
e32,experimental,distractor,24,25,0.020000000000000018
e32,experimental,distractor,25,26,0.010000000000000009
e32,experimental,distractor,26,27,-0.015000000000000013
e32,experimental,distractor,27,28,-0.025000000000000022
e32,experimental,distractor,28,29,0.0
e32,experimental,distractor,29,30,0.0
e32,experimental,distractor,30,31,0.020000000000000018
e32,experimental,distractor,31,32,-0.010000000000000009
e32,experimental,distractor,32,33,-0.024999999999999994
e32,experimental,distractor,33,34,0.01999999999999999
e32,experimental,distractor,34,35,0.0
e32,experimental,distractor,35,36,0.03500000000000003
e32,experimental,no_distractor,1,2,0.050000000000000044
e32,experimental,no_distractor,2,3,0.0
e32,experimental,no_distractor,3,4,0.0
e32,experimental,no_distractor,4,5,0.050000000000000044
e32,experimental,no_distractor,5,6,0.0
e32,experimental,no_distractor,6,7,0.0
e32,experimental,no_distractor,7,8,0.0
e32,experimental,no_distractor,8,9,0.0
e32,experimental,no_distractor,9,10,-0.020000000000000018
e32,experimental,no_distractor,10,11,0.020000000000000018
e32,experimental,no_distractor,11,12,0.0
e32,experimental,no_distractor,12,13,-0.020000000000000018
e32,experimental,no_distractor,13,14,0.0
e32,experimental,no_distractor,14,15,0.0
e32,experimental,no_distractor,15,16,0.0
e32,experimental,no_distractor,16,17,-0.050000000000000044
e32,experimental,no_distractor,17,18,0.0
e32,experimental,no_distractor,18,19,0.0
e32,experimental,no_distractor,19,20,0.0
e32,experimental,no_distractor,20,21,0.0
e32,experimental,no_distractor,21,22,0.020000000000000018
e32,experimental,no_distractor,22,23,0.0
e32,experimental,no_distractor,23,24,-0.050000000000000044
e32,experimental,no_distractor,24,25,0.020000000000000018
e32,experimental,no_distractor,25,26,0.020000000000000018
e32,experimental,no_distractor,26,27,0.050000000000000044
e32,experimental,no_distractor,27,28,0.0
e32,experimental,no_distractor,28,29,0.0
e32,experimental,no_distractor,29,30,0.0
e32,experimental,no_distractor,30,31,0.020000000000000018
e32,experimental,no_distractor,31,32,0.0
e32,experimental,no_distractor,32,33,-0.020000000000000018
e32,experimental,no_distractor,33,34,0.0
e32,experimental,no_distractor,34,35,0.0
e32,experimental,no_distractor,35,36,0.0
e33,control,distractor,1,2,0.034999999999999976
e33,control,distractor,2,3,0.0050000000000000044
e33,control,distractor,3,4,0.0
e33,control,distractor,4,5,0.010000000000000009
e33,control,distractor,5,6,0.03500000000000003
e33,control,distractor,6,7,0.0
e33,control,distractor,7,8,0.0
e33,control,distractor,8,9,0.034999999999999976
e33,control,distractor,9,10,0.024999999999999967
e33,control,distractor,10,11,0.020000000000000018
e33,control,distractor,11,12,0.0
e33,control,distractor,12,13,0.0
e33,control,distractor,13,14,0.010000000000000009
e33,control,distractor,14,15,0.0
e33,control,distractor,15,16,0.03500000000000003
e33,control,distractor,16,17,-0.015000000000000013
e33,control,distractor,17,18,-0.010000000000000009
e33,control,distractor,18,19,0.034999999999999976
e33,control,distractor,19,20,0.0
e33,control,distractor,20,21,0.010000000000000009
e33,control,distractor,21,22,0.0
e33,control,distractor,22,23,0.0
e33,control,distractor,23,24,-0.09999999999999998
e33,control,distractor,24,25,0.0
e33,control,distractor,25,26,0.009999999999999953
e33,control,distractor,26,27,-0.04999999999999993
e33,control,distractor,27,28,0.019999999999999962
e33,control,distractor,28,29,0.034999999999999976
e33,control,distractor,29,30,0.0
e33,control,distractor,30,31,0.0
e33,control,distractor,31,32,0.0
e33,control,distractor,32,33,0.020000000000000018
e33,control,distractor,33,34,0.0
e33,control,distractor,34,35,0.03500000000000003
e33,control,distractor,35,36,-0.025000000000000022
e33,control,no_distractor,1,2,0.020000000000000018
e33,control,no_distractor,2,3,0.020000000000000018
e33,control,no_distractor,3,4,0.0
e33,control,no_distractor,4,5,0.020000000000000018
e33,control,no_distractor,5,6,0.020000000000000018
e33,control,no_distractor,6,7,0.0
e33,control,no_distractor,7,8,0.0
e33,control,no_distractor,8,9,0.0
e33,control,no_distractor,9,10,0.020000000000000018
e33,control,no_distractor,10,11,0.019999999999999907
e33,control,no_distractor,11,12,0.0
e33,control,no_distractor,12,13,-0.04999999999999993
e33,control,no_distractor,13,14,0.020000000000000018
e33,control,no_distractor,14,15,0.0
e33,control,no_distractor,15,16,-0.10000000000000009
e33,control,no_distractor,16,17,0.020000000000000018
e33,control,no_distractor,17,18,0.0
e33,control,no_distractor,18,19,0.050000000000000044
e33,control,no_distractor,19,20,-0.050000000000000044
e33,control,no_distractor,20,21,0.020000000000000018
e33,control,no_distractor,21,22,0.0
e33,control,no_distractor,22,23,0.0
e33,control,no_distractor,23,24,0.0
e33,control,no_distractor,24,25,0.0
e33,control,no_distractor,25,26,0.020000000000000018
e33,control,no_distractor,26,27,0.0
e33,control,no_distractor,27,28,0.020000000000000018
e33,control,no_distractor,28,29,0.0
e33,control,no_distractor,29,30,0.0
e33,control,no_distractor,30,31,0.0
e33,control,no_distractor,31,32,0.0
e33,control,no_distractor,32,33,0.0
e33,control,no_distractor,33,34,-0.09999999999999998
e33,control,no_distractor,34,35,0.0
e33,control,no_distractor,35,36,0.0
e36,control,distractor,1,2,0.034999999999999976
e36,control,distractor,2,3,0.020000000000000018
e36,control,distractor,3,4,0.025000000000000022
e36,control,distractor,4,5,0.009999999999999953
e36,control,distractor,5,6,0.010000000000000009
e36,control,distractor,6,7,0.0
e36,control,distractor,7,8,0.010000000000000009
e36,control,distractor,8,9,0.0
e36,control,distractor,9,10,0.0
e36,control,distractor,10,11,0.0
e36,control,distractor,11,12,0.034999999999999976
e36,control,distractor,12,13,0.03500000000000003
e36,control,distractor,13,14,0.010000000000000009
e36,control,distractor,14,15,0.0
e36,control,distractor,15,16,0.0
e36,control,distractor,16,17,0.0
e36,control,distractor,17,18,0.020000000000000018
e36,control,distractor,18,19,0.0
e36,control,distractor,19,20,0.024999999999999967
e36,control,distractor,20,21,-0.015000000000000013
e36,control,distractor,21,22,0.0
e36,control,distractor,22,23,0.0
e36,control,distractor,23,24,0.0
e36,control,distractor,24,25,0.0
e36,control,distractor,25,26,0.034999999999999976
e36,control,distractor,26,27,-0.09999999999999998
e36,control,distractor,27,28,0.0
e36,control,distractor,28,29,0.0
e36,control,distractor,29,30,0.010000000000000009
e36,control,distractor,30,31,0.0
e36,control,distractor,31,32,0.0
e36,control,distractor,32,33,0.0
e36,control,distractor,33,34,0.0
e36,control,distractor,34,35,0.0
e36,control,distractor,35,36,0.0
e36,control,no_distractor,1,2,0.050000000000000044
e36,control,no_distractor,2,3,0.020000000000000018
e36,control,no_distractor,3,4,0.04999999999999993
e36,control,no_distractor,4,5,0.020000000000000018
e36,control,no_distractor,5,6,0.050000000000000044
e36,control,no_distractor,6,7,0.0
e36,control,no_distractor,7,8,0.04999999999999993
e36,control,no_distractor,8,9,0.0
e36,control,no_distractor,9,10,0.0
e36,control,no_distractor,10,11,0.0
e36,control,no_distractor,11,12,0.020000000000000018
e36,control,no_distractor,12,13,0.020000000000000018
e36,control,no_distractor,13,14,0.0
e36,control,no_distractor,14,15,0.0
e36,control,no_distractor,15,16,-0.04999999999999993
e36,control,no_distractor,16,17,0.0
e36,control,no_distractor,17,18,0.0
e36,control,no_distractor,18,19,-0.050000000000000044
e36,control,no_distractor,19,20,0.0
e36,control,no_distractor,20,21,0.020000000000000018
e36,control,no_distractor,21,22,0.0
e36,control,no_distractor,22,23,0.0
e36,control,no_distractor,23,24,0.0
e36,control,no_distractor,24,25,0.04999999999999993
e36,control,no_distractor,25,26,0.0
e36,control,no_distractor,26,27,0.0
e36,control,no_distractor,27,28,0.0
e36,control,no_distractor,28,29,0.0
e36,control,no_distractor,29,30,0.050000000000000044
e36,control,no_distractor,30,31,0.0
e36,control,no_distractor,31,32,0.0
e36,control,no_distractor,32,33,0.0
e36,control,no_distractor,33,34,-0.050000000000000044
e36,control,no_distractor,34,35,0.0
e36,control,no_distractor,35,36,-0.09999999999999998
e37,control,distractor,1,2,0.0
e37,control,distractor,2,3,-0.025000000000000022
e37,control,distractor,3,4,0.0
e37,control,distractor,4,5,-0.04999999999999999
e37,control,distractor,5,6,0.0
e37,control,distractor,6,7,0.0
e37,control,distractor,7,8,0.04999999999999999
e37,control,distractor,8,9,0.0
e37,control,distractor,9,10,0.0
e37,control,distractor,10,11,0.03500000000000003
e37,control,distractor,11,12,-0.025000000000000022
e37,control,distractor,12,13,-0.009999999999999981
e37,control,distractor,13,14,0.0
e37,control,distractor,14,15,0.0
e37,control,distractor,15,16,-0.015000000000000013
e37,control,distractor,16,17,0.04999999999999999
e37,control,distractor,17,18,0.0
e37,control,distractor,18,19,0.024999999999999994
e37,control,distractor,19,20,0.0
e37,control,distractor,20,21,-0.03999999999999998
e37,control,distractor,21,22,0.034999999999999976
e37,control,distractor,22,23,0.0
e37,control,distractor,23,24,0.0
e37,control,distractor,24,25,0.0
e37,control,distractor,25,26,0.020000000000000018
e37,control,distractor,26,27,-0.010000000000000009
e37,control,distractor,27,28,0.0
e37,control,distractor,28,29,0.0
e37,control,distractor,29,30,-0.04999999999999999
e37,control,distractor,30,31,0.0
e37,control,distractor,31,32,0.01999999999999999
e37,control,distractor,32,33,-0.0050000000000000044
e37,control,distractor,33,34,0.0
e37,control,distractor,34,35,0.0
e37,control,distractor,35,36,0.020000000000000018
e37,control,no_distractor,1,2,0.0
e37,control,no_distractor,2,3,0.050000000000000044
e37,control,no_distractor,3,4,0.0
e37,control,no_distractor,4,5,0.0
e37,control,no_distractor,5,6,0.0
e37,control,no_distractor,6,7,0.0
e37,control,no_distractor,7,8,0.0
e37,control,no_distractor,8,9,0.0
e37,control,no_distractor,9,10,-0.050000000000000044
e37,control,no_distractor,10,11,0.0
e37,control,no_distractor,11,12,0.0
e37,control,no_distractor,12,13,0.0
e37,control,no_distractor,13,14,0.0
e37,control,no_distractor,14,15,-0.09999999999999998
e37,control,no_distractor,15,16,0.020000000000000018
e37,control,no_distractor,16,17,-0.020000000000000018
e37,control,no_distractor,17,18,0.0
e37,control,no_distractor,18,19,0.050000000000000044
e37,control,no_distractor,19,20,0.0
e37,control,no_distractor,20,21,0.020000000000000018
e37,control,no_distractor,21,22,0.0
e37,control,no_distractor,22,23,0.0
e37,control,no_distractor,23,24,0.0
e37,control,no_distractor,24,25,0.019999999999999907
e37,control,no_distractor,25,26,0.0
e37,control,no_distractor,26,27,0.0
e37,control,no_distractor,27,28,0.0
e37,control,no_distractor,28,29,0.0
e37,control,no_distractor,29,30,0.0
e37,control,no_distractor,30,31,0.0
e37,control,no_distractor,31,32,0.0
e37,control,no_distractor,32,33,0.0
e37,control,no_distractor,33,34,0.0
e37,control,no_distractor,34,35,0.0
e37,control,no_distractor,35,36,0.0
e38,experimental,distractor,1,2,0.01999999999999999
e38,experimental,distractor,2,3,0.024999999999999994
e38,experimental,distractor,3,4,0.050000000000000044
e38,experimental,distractor,4,5,0.019999999999999962
e38,experimental,distractor,5,6,0.019999999999999962
e38,experimental,distractor,6,7,0.0
e38,experimental,distractor,7,8,0.03500000000000003
e38,experimental,distractor,8,9,0.015000000000000013
e38,experimental,distractor,9,10,0.0
e38,experimental,distractor,10,11,0.010000000000000009
e38,experimental,distractor,11,12,0.0
e38,experimental,distractor,12,13,-0.03500000000000003
e38,experimental,distractor,13,14,0.025000000000000022
e38,experimental,distractor,14,15,0.0
e38,experimental,distractor,15,16,0.0
e38,experimental,distractor,16,17,-0.050000000000000044
e38,experimental,distractor,17,18,0.0
e38,experimental,distractor,18,19,0.015000000000000013
e38,experimental,distractor,19,20,0.0
e38,experimental,distractor,20,21,0.0
e38,experimental,distractor,21,22,-0.03999999999999998
e38,experimental,distractor,22,23,0.0
e38,experimental,distractor,23,24,0.0
e38,experimental,distractor,24,25,0.024999999999999967
e38,experimental,distractor,25,26,0.010000000000000009
e38,experimental,distractor,26,27,-0.014999999999999958
e38,experimental,distractor,27,28,0.034999999999999976
e38,experimental,distractor,28,29,0.03500000000000003
e38,experimental,distractor,29,30,-0.04999999999999999
e38,experimental,distractor,30,31,0.0
e38,experimental,distractor,31,32,-0.04999999999999999
e38,experimental,distractor,32,33,0.04999999999999993
e38,experimental,distractor,33,34,0.025000000000000022
e38,experimental,distractor,34,35,-0.09999999999999998
e38,experimental,distractor,35,36,0.04999999999999999
e38,experimental,no_distractor,1,2,0.020000000000000018
e38,experimental,no_distractor,2,3,0.020000000000000018
e38,experimental,no_distractor,3,4,0.0
e38,experimental,no_distractor,4,5,-0.020000000000000018
e38,experimental,no_distractor,5,6,0.050000000000000044
e38,experimental,no_distractor,6,7,0.0
e38,experimental,no_distractor,7,8,0.0
e38,experimental,no_distractor,8,9,0.0
e38,experimental,no_distractor,9,10,-0.09999999999999998
e38,experimental,no_distractor,10,11,0.019999999999999907
e38,experimental,no_distractor,11,12,0.0
e38,experimental,no_distractor,12,13,-0.019999999999999907
e38,experimental,no_distractor,13,14,0.019999999999999907
e38,experimental,no_distractor,14,15,0.0
e38,experimental,no_distractor,15,16,0.0
e38,experimental,no_distractor,16,17,0.0
e38,experimental,no_distractor,17,18,0.0
e38,experimental,no_distractor,18,19,0.020000000000000018
e38,experimental,no_distractor,19,20,0.0
e38,experimental,no_distractor,20,21,-0.09999999999999998
e38,experimental,no_distractor,21,22,0.050000000000000044
e38,experimental,no_distractor,22,23,0.0
e38,experimental,no_distractor,23,24,0.020000000000000018
e38,experimental,no_distractor,24,25,0.04999999999999993
e38,experimental,no_distractor,25,26,0.020000000000000018
e38,experimental,no_distractor,26,27,0.050000000000000044
e38,experimental,no_distractor,27,28,0.0
e38,experimental,no_distractor,28,29,-0.020000000000000018
e38,experimental,no_distractor,29,30,0.0
e38,experimental,no_distractor,30,31,0.0
e38,experimental,no_distractor,31,32,0.0
e38,experimental,no_distractor,32,33,0.020000000000000018
e38,experimental,no_distractor,33,34,0.04999999999999993
e38,experimental,no_distractor,34,35,0.0
e38,experimental,no_distractor,35,36,0.020000000000000018
e39,experimental,distractor,1,2,0.034999999999999976
e39,experimental,distractor,2,3,0.0
e39,experimental,distractor,3,4,0.03500000000000003
e39,experimental,distractor,4,5,0.0
e39,experimental,distractor,5,6,0.034999999999999976
e39,experimental,distractor,6,7,0.0
e39,experimental,distractor,7,8,0.025000000000000022
e39,experimental,distractor,8,9,0.019999999999999962
e39,experimental,distractor,9,10,0.010000000000000009
e39,experimental,distractor,10,11,0.0
e39,experimental,distractor,11,12,-0.015000000000000013
e39,experimental,distractor,12,13,0.0
e39,experimental,distractor,13,14,-0.04999999999999993
e39,experimental,distractor,14,15,0.0
e39,experimental,distractor,15,16,0.03499999999999992
e39,experimental,distractor,16,17,0.0
e39,experimental,distractor,17,18,-0.04999999999999993
e39,experimental,distractor,18,19,0.010000000000000009
e39,experimental,distractor,19,20,0.0
e39,experimental,distractor,20,21,0.019999999999999962
e39,experimental,distractor,21,22,-0.025000000000000022
e39,experimental,distractor,22,23,0.0
e39,experimental,distractor,23,24,0.03500000000000003
e39,experimental,distractor,24,25,0.034999999999999976
e39,experimental,distractor,25,26,0.020000000000000018
e39,experimental,distractor,26,27,0.0
e39,experimental,distractor,27,28,0.0
e39,experimental,distractor,28,29,0.0
e39,experimental,distractor,29,30,0.0
e39,experimental,distractor,30,31,0.0
e39,experimental,distractor,31,32,0.020000000000000018
e39,experimental,distractor,32,33,0.010000000000000009
e39,experimental,distractor,33,34,-0.050000000000000044
e39,experimental,distractor,34,35,0.010000000000000009
e39,experimental,distractor,35,36,0.0
e39,experimental,no_distractor,1,2,0.050000000000000044
e39,experimental,no_distractor,2,3,0.0
e39,experimental,no_distractor,3,4,0.0
e39,experimental,no_distractor,4,5,0.0
e39,experimental,no_distractor,5,6,0.0
e39,experimental,no_distractor,6,7,0.0
e39,experimental,no_distractor,7,8,0.020000000000000018
e39,experimental,no_distractor,8,9,0.0
e39,experimental,no_distractor,9,10,0.020000000000000018
e39,experimental,no_distractor,10,11,0.0
e39,experimental,no_distractor,11,12,0.020000000000000018
e39,experimental,no_distractor,12,13,0.0
e39,experimental,no_distractor,13,14,0.0
e39,experimental,no_distractor,14,15,0.0
e39,experimental,no_distractor,15,16,0.019999999999999907
e39,experimental,no_distractor,16,17,0.0
e39,experimental,no_distractor,17,18,0.0
e39,experimental,no_distractor,18,19,0.0
e39,experimental,no_distractor,19,20,0.0
e39,experimental,no_distractor,20,21,0.020000000000000018
e39,experimental,no_distractor,21,22,0.0
e39,experimental,no_distractor,22,23,0.0
e39,experimental,no_distractor,23,24,0.020000000000000018
e39,experimental,no_distractor,24,25,0.0
e39,experimental,no_distractor,25,26,0.020000000000000018
e39,experimental,no_distractor,26,27,0.04999999999999993
e39,experimental,no_distractor,27,28,-0.019999999999999907
e39,experimental,no_distractor,28,29,-0.020000000000000018
e39,experimental,no_distractor,29,30,-0.020000000000000018
e39,experimental,no_distractor,30,31,0.0
e39,experimental,no_distractor,31,32,0.0
e39,experimental,no_distractor,32,33,0.020000000000000018
e39,experimental,no_distractor,33,34,0.0
e39,experimental,no_distractor,34,35,0.0
e39,experimental,no_distractor,35,36,0.0
e40,control,distractor,1,2,0.0
e40,control,distractor,2,3,0.0
e40,control,distractor,3,4,0.010000000000000009
e40,control,distractor,4,5,0.009999999999999981
e40,control,distractor,5,6,-0.024999999999999994
e40,control,distractor,6,7,0.0
e40,control,distractor,7,8,0.0
e40,control,distractor,8,9,0.034999999999999976
e40,control,distractor,9,10,0.0
e40,control,distractor,10,11,0.0
e40,control,distractor,11,12,0.0
e40,control,distractor,12,13,0.025000000000000022
e40,control,distractor,13,14,0.0
e40,control,distractor,14,15,0.0
e40,control,distractor,15,16,0.020000000000000018
e40,control,distractor,16,17,0.0
e40,control,distractor,17,18,-0.05000000000000002
e40,control,distractor,18,19,0.05000000000000002
e40,control,distractor,19,20,0.04999999999999993
e40,control,distractor,20,21,0.0
e40,control,distractor,21,22,0.0
e40,control,distractor,22,23,0.0
e40,control,distractor,23,24,0.0
e40,control,distractor,24,25,-0.03499999999999992
e40,control,distractor,25,26,0.009999999999999953
e40,control,distractor,26,27,0.020000000000000018
e40,control,distractor,27,28,-0.010000000000000009
e40,control,distractor,28,29,0.0
e40,control,distractor,29,30,0.0
e40,control,distractor,30,31,0.0
e40,control,distractor,31,32,0.0
e40,control,distractor,32,33,0.0
e40,control,distractor,33,34,0.0
e40,control,distractor,34,35,-0.014999999999999958
e40,control,distractor,35,36,0.0
e40,control,no_distractor,1,2,0.0
e40,control,no_distractor,2,3,0.0
e40,control,no_distractor,3,4,0.050000000000000044
e40,control,no_distractor,4,5,0.020000000000000018
e40,control,no_distractor,5,6,0.0
e40,control,no_distractor,6,7,0.0
e40,control,no_distractor,7,8,0.0
e40,control,no_distractor,8,9,0.0
e40,control,no_distractor,9,10,-0.050000000000000044
e40,control,no_distractor,10,11,0.0
e40,control,no_distractor,11,12,0.0
e40,control,no_distractor,12,13,0.020000000000000018
e40,control,no_distractor,13,14,0.0
e40,control,no_distractor,14,15,0.0
e40,control,no_distractor,15,16,0.0
e40,control,no_distractor,16,17,0.0
e40,control,no_distractor,17,18,-0.050000000000000044
e40,control,no_distractor,18,19,-0.019999999999999907
e40,control,no_distractor,19,20,0.0
e40,control,no_distractor,20,21,0.0
e40,control,no_distractor,21,22,0.0
e40,control,no_distractor,22,23,0.0
e40,control,no_distractor,23,24,0.0
e40,control,no_distractor,24,25,0.0
e40,control,no_distractor,25,26,0.0
e40,control,no_distractor,26,27,0.019999999999999907
e40,control,no_distractor,27,28,0.0
e40,control,no_distractor,28,29,0.0
e40,control,no_distractor,29,30,0.0
e40,control,no_distractor,30,31,0.0
e40,control,no_distractor,31,32,0.0
e40,control,no_distractor,32,33,-0.09999999999999998
e40,control,no_distractor,33,34,0.0
e40,control,no_distractor,34,35,0.050000000000000044
e40,control,no_distractor,35,36,0.0
e41,experimental,distractor,1,2,0.034999999999999976
e41,experimental,distractor,2,3,-0.009999999999999981
e41,experimental,distractor,3,4,-2.7755575615628914e-17
e41,experimental,distractor,4,5,-0.04999999999999999
e41,experimental,distractor,5,6,0.03500000000000003
e41,experimental,distractor,6,7,0.0
e41,experimental,distractor,7,8,0.0
e41,experimental,distractor,8,9,0.0
e41,experimental,distractor,9,10,0.0
e41,experimental,distractor,10,11,0.0
e41,experimental,distractor,11,12,-0.025000000000000022
e41,experimental,distractor,12,13,0.020000000000000018
e41,experimental,distractor,13,14,-0.025000000000000022
e41,experimental,distractor,14,15,0.0
e41,experimental,distractor,15,16,0.03500000000000003
e41,experimental,distractor,16,17,0.0
e41,experimental,distractor,17,18,-2.7755575615628914e-17
e41,experimental,distractor,18,19,0.0
e41,experimental,distractor,19,20,-0.009999999999999981
e41,experimental,distractor,20,21,-0.025000000000000022
e41,experimental,distractor,21,22,0.0
e41,experimental,distractor,22,23,0.0
e41,experimental,distractor,23,24,0.020000000000000018
e41,experimental,distractor,24,25,0.010000000000000009
e41,experimental,distractor,25,26,-0.05000000000000002
e41,experimental,distractor,26,27,0.0
e41,experimental,distractor,27,28,0.035
e41,experimental,distractor,28,29,-0.024999999999999994
e41,experimental,distractor,29,30,0.035
e41,experimental,distractor,30,31,0.0
e41,experimental,distractor,31,32,0.019999999999999962
e41,experimental,distractor,32,33,0.0
e41,experimental,distractor,33,34,0.0
e41,experimental,distractor,34,35,0.010000000000000009
e41,experimental,distractor,35,36,0.0
e41,experimental,no_distractor,1,2,0.050000000000000044
e41,experimental,no_distractor,2,3,0.0
e41,experimental,no_distractor,3,4,0.050000000000000044
e41,experimental,no_distractor,4,5,0.0
e41,experimental,no_distractor,5,6,0.04999999999999993
e41,experimental,no_distractor,6,7,0.0
e41,experimental,no_distractor,7,8,0.0
e41,experimental,no_distractor,8,9,0.0
e41,experimental,no_distractor,9,10,-0.020000000000000018
e41,experimental,no_distractor,10,11,0.0
e41,experimental,no_distractor,11,12,-0.019999999999999907
e41,experimental,no_distractor,12,13,0.019999999999999907
e41,experimental,no_distractor,13,14,0.0
e41,experimental,no_distractor,14,15,0.0
e41,experimental,no_distractor,15,16,0.020000000000000018
e41,experimental,no_distractor,16,17,0.0
e41,experimental,no_distractor,17,18,0.050000000000000044
e41,experimental,no_distractor,18,19,0.0
e41,experimental,no_distractor,19,20,-0.09999999999999998
e41,experimental,no_distractor,20,21,0.0
e41,experimental,no_distractor,21,22,-0.020000000000000018
e41,experimental,no_distractor,22,23,0.0
e41,experimental,no_distractor,23,24,0.020000000000000018
e41,experimental,no_distractor,24,25,0.019999999999999907
e41,experimental,no_distractor,25,26,0.0
e41,experimental,no_distractor,26,27,-0.019999999999999907
e41,experimental,no_distractor,27,28,0.0
e41,experimental,no_distractor,28,29,0.0
e41,experimental,no_distractor,29,30,-0.020000000000000018
e41,experimental,no_distractor,30,31,0.0
e41,experimental,no_distractor,31,32,0.04999999999999993
e41,experimental,no_distractor,32,33,0.0
e41,experimental,no_distractor,33,34,0.0
e41,experimental,no_distractor,34,35,0.020000000000000018
e41,experimental,no_distractor,35,36,0.0
e42,control,distractor,1,2,0.010000000000000009
e42,control,distractor,2,3,0.019999999999999962
e42,control,distractor,3,4,0.0
e42,control,distractor,4,5,0.0
e42,control,distractor,5,6,0.0
e42,control,distractor,6,7,0.0
e42,control,distractor,7,8,0.0
e42,control,distractor,8,9,0.020000000000000018
e42,control,distractor,9,10,0.0
e42,control,distractor,10,11,0.0
e42,control,distractor,11,12,0.0
e42,control,distractor,12,13,0.020000000000000018
e42,control,distractor,13,14,0.0
e42,control,distractor,14,15,0.020000000000000018
e42,control,distractor,15,16,0.019999999999999962
e42,control,distractor,16,17,0.020000000000000018
e42,control,distractor,17,18,0.0
e42,control,distractor,18,19,0.019999999999999962
e42,control,distractor,19,20,-0.025000000000000022
e42,control,distractor,20,21,0.010000000000000009
e42,control,distractor,21,22,-0.04999999999999993
e42,control,distractor,22,23,0.0
e42,control,distractor,23,24,-0.050000000000000044
e42,control,distractor,24,25,0.0
e42,control,distractor,25,26,0.0
e42,control,distractor,26,27,0.0
e42,control,distractor,27,28,0.0
e42,control,distractor,28,29,0.020000000000000018
e42,control,distractor,29,30,-0.04999999999999999
e42,control,distractor,30,31,0.0
e42,control,distractor,31,32,0.0
e42,control,distractor,32,33,0.024999999999999994
e42,control,distractor,33,34,-0.024999999999999994
e42,control,distractor,34,35,0.024999999999999994
e42,control,distractor,35,36,0.01999999999999999
e42,control,no_distractor,1,2,0.050000000000000044
e42,control,no_distractor,2,3,0.050000000000000044
e42,control,no_distractor,3,4,0.0
e42,control,no_distractor,4,5,0.0
e42,control,no_distractor,5,6,0.0
e42,control,no_distractor,6,7,0.0
e42,control,no_distractor,7,8,0.0
e42,control,no_distractor,8,9,0.0
e42,control,no_distractor,9,10,-0.050000000000000044
e42,control,no_distractor,10,11,0.0
e42,control,no_distractor,11,12,0.0
e42,control,no_distractor,12,13,0.0
e42,control,no_distractor,13,14,0.0
e42,control,no_distractor,14,15,0.020000000000000018
e42,control,no_distractor,15,16,0.020000000000000018
e42,control,no_distractor,16,17,0.020000000000000018
e42,control,no_distractor,17,18,-0.050000000000000044
e42,control,no_distractor,18,19,0.020000000000000018
e42,control,no_distractor,19,20,0.04999999999999993
e42,control,no_distractor,20,21,0.0
e42,control,no_distractor,21,22,0.0
e42,control,no_distractor,22,23,0.0
e42,control,no_distractor,23,24,0.0
e42,control,no_distractor,24,25,-0.04999999999999993
e42,control,no_distractor,25,26,0.0
e42,control,no_distractor,26,27,0.0
e42,control,no_distractor,27,28,0.0
e42,control,no_distractor,28,29,0.020000000000000018
e42,control,no_distractor,29,30,-0.10000000000000009
e42,control,no_distractor,30,31,0.0
e42,control,no_distractor,31,32,0.0
e42,control,no_distractor,32,33,0.050000000000000044
e42,control,no_distractor,33,34,0.0
e42,control,no_distractor,34,35,0.020000000000000018
e42,control,no_distractor,35,36,0.020000000000000018
e43,control,distractor,1,2,0.0
e43,control,distractor,2,3,0.01999999999999999
e43,control,distractor,3,4,0.0
e43,control,distractor,4,5,0.0
e43,control,distractor,5,6,0.03500000000000003
e43,control,distractor,6,7,0.0
e43,control,distractor,7,8,0.034999999999999976
e43,control,distractor,8,9,0.034999999999999976
e43,control,distractor,9,10,0.03500000000000003
e43,control,distractor,10,11,0.03500000000000003
e43,control,distractor,11,12,0.009999999999999953
e43,control,distractor,12,13,0.0
e43,control,distractor,13,14,0.0
e43,control,distractor,14,15,0.0
e43,control,distractor,15,16,-0.014999999999999958
e43,control,distractor,16,17,0.034999999999999976
e43,control,distractor,17,18,0.0
e43,control,distractor,18,19,0.0
e43,control,distractor,19,20,0.014999999999999958
e43,control,distractor,20,21,-0.04999999999999993
e43,control,distractor,21,22,0.0
e43,control,distractor,22,23,0.0
e43,control,distractor,23,24,-0.025000000000000022
e43,control,distractor,24,25,0.0
e43,control,distractor,25,26,0.0
e43,control,distractor,26,27,0.010000000000000009
e43,control,distractor,27,28,0.0
e43,control,distractor,28,29,-0.010000000000000009
e43,control,distractor,29,30,-0.010000000000000009
e43,control,distractor,30,31,0.0
e43,control,distractor,31,32,0.0
e43,control,distractor,32,33,0.010000000000000009
e43,control,distractor,33,34,0.0
e43,control,distractor,34,35,0.020000000000000018
e43,control,distractor,35,36,0.0
e43,control,no_distractor,1,2,0.0
e43,control,no_distractor,2,3,0.020000000000000018
e43,control,no_distractor,3,4,0.0
e43,control,no_distractor,4,5,0.0
e43,control,no_distractor,5,6,0.020000000000000018
e43,control,no_distractor,6,7,0.0
e43,control,no_distractor,7,8,0.0
e43,control,no_distractor,8,9,0.0
e43,control,no_distractor,9,10,0.0
e43,control,no_distractor,10,11,0.0
e43,control,no_distractor,11,12,0.0
e43,control,no_distractor,12,13,0.0
e43,control,no_distractor,13,14,0.0
e43,control,no_distractor,14,15,0.0
e43,control,no_distractor,15,16,0.020000000000000018
e43,control,no_distractor,16,17,-0.020000000000000018
e43,control,no_distractor,17,18,-0.020000000000000018
e43,control,no_distractor,18,19,-0.020000000000000018
e43,control,no_distractor,19,20,0.050000000000000044
e43,control,no_distractor,20,21,-0.050000000000000044
e43,control,no_distractor,21,22,0.020000000000000018
e43,control,no_distractor,22,23,0.0
e43,control,no_distractor,23,24,0.0
e43,control,no_distractor,24,25,0.0
e43,control,no_distractor,25,26,0.0
e43,control,no_distractor,26,27,0.020000000000000018
e43,control,no_distractor,27,28,0.0
e43,control,no_distractor,28,29,0.0
e43,control,no_distractor,29,30,-0.050000000000000044
e43,control,no_distractor,30,31,0.0
e43,control,no_distractor,31,32,0.0
e43,control,no_distractor,32,33,0.020000000000000018
e43,control,no_distractor,33,34,0.0
e43,control,no_distractor,34,35,0.020000000000000018
e43,control,no_distractor,35,36,0.0
e44,experimental,distractor,1,2,0.010000000000000009
e44,experimental,distractor,2,3,0.034999999999999976
e44,experimental,distractor,3,4,0.020000000000000018
e44,experimental,distractor,4,5,0.020000000000000018
e44,experimental,distractor,5,6,0.0
e44,experimental,distractor,6,7,0.0
e44,experimental,distractor,7,8,0.009999999999999953
e44,experimental,distractor,8,9,0.034999999999999976
e44,experimental,distractor,9,10,0.0
e44,experimental,distractor,10,11,0.0
e44,experimental,distractor,11,12,0.020000000000000018
e44,experimental,distractor,12,13,0.020000000000000018
e44,experimental,distractor,13,14,0.015000000000000013
e44,experimental,distractor,14,15,0.0
e44,experimental,distractor,15,16,-0.09999999999999998
e44,experimental,distractor,16,17,0.034999999999999976
e44,experimental,distractor,17,18,-0.010000000000000009
e44,experimental,distractor,18,19,-0.010000000000000009
e44,experimental,distractor,19,20,0.010000000000000009
e44,experimental,distractor,20,21,0.034999999999999976
e44,experimental,distractor,21,22,0.0
e44,experimental,distractor,22,23,0.0
e44,experimental,distractor,23,24,0.0
e44,experimental,distractor,24,25,0.020000000000000018
e44,experimental,distractor,25,26,-0.010000000000000009
e44,experimental,distractor,26,27,0.0
e44,experimental,distractor,27,28,0.0
e44,experimental,distractor,28,29,0.0
e44,experimental,distractor,29,30,-0.024999999999999967
e44,experimental,distractor,30,31,0.0
e44,experimental,distractor,31,32,0.0
e44,experimental,distractor,32,33,0.034999999999999976
e44,experimental,distractor,33,34,-0.04999999999999999
e44,experimental,distractor,34,35,0.0
e44,experimental,distractor,35,36,0.0
e44,experimental,no_distractor,1,2,0.020000000000000018
e44,experimental,no_distractor,2,3,0.020000000000000018
e44,experimental,no_distractor,3,4,0.0
e44,experimental,no_distractor,4,5,-0.020000000000000018
e44,experimental,no_distractor,5,6,0.0
e44,experimental,no_distractor,6,7,0.0
e44,experimental,no_distractor,7,8,0.020000000000000018
e44,experimental,no_distractor,8,9,0.0
e44,experimental,no_distractor,9,10,0.0
e44,experimental,no_distractor,10,11,-0.09999999999999998
e44,experimental,no_distractor,11,12,0.04999999999999993
e44,experimental,no_distractor,12,13,0.0
e44,experimental,no_distractor,13,14,0.020000000000000018
e44,experimental,no_distractor,14,15,0.0
e44,experimental,no_distractor,15,16,0.0
e44,experimental,no_distractor,16,17,0.020000000000000018
e44,experimental,no_distractor,17,18,-0.04999999999999993
e44,experimental,no_distractor,18,19,0.0
e44,experimental,no_distractor,19,20,0.019999999999999907
e44,experimental,no_distractor,20,21,0.0
e44,experimental,no_distractor,21,22,0.0
e44,experimental,no_distractor,22,23,0.0
e44,experimental,no_distractor,23,24,0.0
e44,experimental,no_distractor,24,25,0.0
e44,experimental,no_distractor,25,26,0.0
e44,experimental,no_distractor,26,27,0.0
e44,experimental,no_distractor,27,28,0.0
e44,experimental,no_distractor,28,29,0.0
e44,experimental,no_distractor,29,30,-0.019999999999999907
e44,experimental,no_distractor,30,31,0.0
e44,experimental,no_distractor,31,32,0.0
e44,experimental,no_distractor,32,33,0.019999999999999907
e44,experimental,no_distractor,33,34,0.0
e44,experimental,no_distractor,34,35,0.0
e44,experimental,no_distractor,35,36,0.0
e45,control,distractor,1,2,0.01999999999999999
e45,control,distractor,2,3,0.035
e45,control,distractor,3,4,0.0
e45,control,distractor,4,5,0.020000000000000018
e45,control,distractor,5,6,0.0
e45,control,distractor,6,7,0.0
e45,control,distractor,7,8,0.0
e45,control,distractor,8,9,-0.050000000000000044
e45,control,distractor,9,10,0.0
e45,control,distractor,10,11,0.010000000000000009
e45,control,distractor,11,12,0.0
e45,control,distractor,12,13,2.7755575615628914e-17
e45,control,distractor,13,14,0.0
e45,control,distractor,14,15,0.0
e45,control,distractor,15,16,0.0
e45,control,distractor,16,17,0.009999999999999981
e45,control,distractor,17,18,0.03500000000000003
e45,control,distractor,18,19,0.020000000000000018
e45,control,distractor,19,20,-0.025000000000000022
e45,control,distractor,20,21,0.0
e45,control,distractor,21,22,0.010000000000000009
e45,control,distractor,22,23,0.0
e45,control,distractor,23,24,-0.025000000000000022
e45,control,distractor,24,25,0.0
e45,control,distractor,25,26,0.020000000000000018
e45,control,distractor,26,27,-0.025000000000000022
e45,control,distractor,27,28,0.0
e45,control,distractor,28,29,0.020000000000000018
e45,control,distractor,29,30,0.0
e45,control,distractor,30,31,0.0
e45,control,distractor,31,32,0.009999999999999953
e45,control,distractor,32,33,0.020000000000000018
e45,control,distractor,33,34,-0.034999999999999976
e45,control,distractor,34,35,0.0
e45,control,distractor,35,36,0.044999999999999984
e45,control,no_distractor,1,2,0.020000000000000018
e45,control,no_distractor,2,3,0.050000000000000044
e45,control,no_distractor,3,4,0.0
e45,control,no_distractor,4,5,0.020000000000000018
e45,control,no_distractor,5,6,0.0
e45,control,no_distractor,6,7,0.0
e45,control,no_distractor,7,8,-0.050000000000000044
e45,control,no_distractor,8,9,-0.020000000000000018
e45,control,no_distractor,9,10,0.0
e45,control,no_distractor,10,11,0.020000000000000018
e45,control,no_distractor,11,12,0.020000000000000018
e45,control,no_distractor,12,13,0.020000000000000018
e45,control,no_distractor,13,14,-0.050000000000000044
e45,control,no_distractor,14,15,0.0
e45,control,no_distractor,15,16,0.0
e45,control,no_distractor,16,17,0.020000000000000018
e45,control,no_distractor,17,18,0.020000000000000018
e45,control,no_distractor,18,19,0.0
e45,control,no_distractor,19,20,0.0
e45,control,no_distractor,20,21,0.0
e45,control,no_distractor,21,22,0.04999999999999993
e45,control,no_distractor,22,23,0.0
e45,control,no_distractor,23,24,-0.04999999999999993
e45,control,no_distractor,24,25,-0.09999999999999998
e45,control,no_distractor,25,26,0.019999999999999907
e45,control,no_distractor,26,27,0.0
e45,control,no_distractor,27,28,-0.04999999999999993
e45,control,no_distractor,28,29,0.0
e45,control,no_distractor,29,30,0.0
e45,control,no_distractor,30,31,0.0
e45,control,no_distractor,31,32,0.020000000000000018
e45,control,no_distractor,32,33,0.04999999999999993
e45,control,no_distractor,33,34,0.0
e45,control,no_distractor,34,35,0.020000000000000018
e45,control,no_distractor,35,36,0.0
e46,experimental,distractor,1,2,0.034999999999999976
e46,experimental,distractor,2,3,0.020000000000000018
e46,experimental,distractor,3,4,0.0
e46,experimental,distractor,4,5,0.0
e46,experimental,distractor,5,6,-0.025000000000000022
e46,experimental,distractor,6,7,0.0
e46,experimental,distractor,7,8,0.0
e46,experimental,distractor,8,9,0.03500000000000003
e46,experimental,distractor,9,10,-0.025000000000000022
e46,experimental,distractor,10,11,0.010000000000000009
e46,experimental,distractor,11,12,-0.024999999999999994
e46,experimental,distractor,12,13,0.01999999999999999
e46,experimental,distractor,13,14,0.0
e46,experimental,distractor,14,15,0.0
e46,experimental,distractor,15,16,0.0
e46,experimental,distractor,16,17,0.0
e46,experimental,distractor,17,18,0.010000000000000009
e46,experimental,distractor,18,19,0.03500000000000003
e46,experimental,distractor,19,20,0.024999999999999967
e46,experimental,distractor,20,21,0.034999999999999976
e46,experimental,distractor,21,22,0.0
e46,experimental,distractor,22,23,0.0
e46,experimental,distractor,23,24,0.0
e46,experimental,distractor,24,25,0.0
e46,experimental,distractor,25,26,0.0
e46,experimental,distractor,26,27,-0.04999999999999999
e46,experimental,distractor,27,28,0.0
e46,experimental,distractor,28,29,0.0
e46,experimental,distractor,29,30,0.0
e46,experimental,distractor,30,31,0.0
e46,experimental,distractor,31,32,0.0
e46,experimental,distractor,32,33,0.0
e46,experimental,distractor,33,34,0.0
e46,experimental,distractor,34,35,-0.024999999999999967
e46,experimental,distractor,35,36,0.020000000000000018
e46,experimental,no_distractor,1,2,0.050000000000000044
e46,experimental,no_distractor,2,3,0.050000000000000044
e46,experimental,no_distractor,3,4,0.0
e46,experimental,no_distractor,4,5,0.0
e46,experimental,no_distractor,5,6,0.04999999999999993
e46,experimental,no_distractor,6,7,0.0
e46,experimental,no_distractor,7,8,0.0
e46,experimental,no_distractor,8,9,0.020000000000000018
e46,experimental,no_distractor,9,10,0.050000000000000044
e46,experimental,no_distractor,10,11,0.019999999999999907
e46,experimental,no_distractor,11,12,-0.09999999999999998
e46,experimental,no_distractor,12,13,0.0
e46,experimental,no_distractor,13,14,0.0
e46,experimental,no_distractor,14,15,0.0
e46,experimental,no_distractor,15,16,0.0
e46,experimental,no_distractor,16,17,-0.020000000000000018
e46,experimental,no_distractor,17,18,0.020000000000000018
e46,experimental,no_distractor,18,19,0.0
e46,experimental,no_distractor,19,20,0.020000000000000018
e46,experimental,no_distractor,20,21,-0.020000000000000018
e46,experimental,no_distractor,21,22,0.0
e46,experimental,no_distractor,22,23,0.0
e46,experimental,no_distractor,23,24,0.0
e46,experimental,no_distractor,24,25,0.0
e46,experimental,no_distractor,25,26,0.0
e46,experimental,no_distractor,26,27,-0.020000000000000018
e46,experimental,no_distractor,27,28,0.0
e46,experimental,no_distractor,28,29,-0.09999999999999998
e46,experimental,no_distractor,29,30,0.050000000000000044
e46,experimental,no_distractor,30,31,0.0
e46,experimental,no_distractor,31,32,-0.020000000000000018
e46,experimental,no_distractor,32,33,0.0
e46,experimental,no_distractor,33,34,-0.050000000000000044
e46,experimental,no_distractor,34,35,-0.019999999999999907
e46,experimental,no_distractor,35,36,0.04999999999999993
e47,control,distractor,1,2,0.0
e47,control,distractor,2,3,0.04999999999999999
e47,control,distractor,3,4,0.0
e47,control,distractor,4,5,0.0
e47,control,distractor,5,6,0.0
e47,control,distractor,6,7,0.0
e47,control,distractor,7,8,-0.03999999999999998
e47,control,distractor,8,9,0.019999999999999962
e47,control,distractor,9,10,0.020000000000000018
e47,control,distractor,10,11,0.0
e47,control,distractor,11,12,0.0
e47,control,distractor,12,13,0.04999999999999999
e47,control,distractor,13,14,0.0
e47,control,distractor,14,15,0.0
e47,control,distractor,15,16,0.0
e47,control,distractor,16,17,0.0
e47,control,distractor,17,18,0.0
e47,control,distractor,18,19,0.04999999999999999
e47,control,distractor,19,20,0.025000000000000022
e47,control,distractor,20,21,0.020000000000000018
e47,control,distractor,21,22,0.010000000000000009
e47,control,distractor,22,23,0.0
e47,control,distractor,23,24,0.034999999999999976
e47,control,distractor,24,25,-0.03999999999999998
e47,control,distractor,25,26,0.0
e47,control,distractor,26,27,-0.050000000000000044
e47,control,distractor,27,28,0.0
e47,control,distractor,28,29,0.0
e47,control,distractor,29,30,0.03500000000000003
e47,control,distractor,30,31,0.0
e47,control,distractor,31,32,0.0
e47,control,distractor,32,33,0.0
e47,control,distractor,33,34,0.0
e47,control,distractor,34,35,-0.07500000000000001
e47,control,distractor,35,36,-0.010000000000000009
e47,control,no_distractor,1,2,0.0
e47,control,no_distractor,2,3,0.050000000000000044
e47,control,no_distractor,3,4,0.0
e47,control,no_distractor,4,5,0.0
e47,control,no_distractor,5,6,0.0
e47,control,no_distractor,6,7,0.0
e47,control,no_distractor,7,8,0.050000000000000044
e47,control,no_distractor,8,9,0.0
e47,control,no_distractor,9,10,0.019999999999999907
e47,control,no_distractor,10,11,0.0
e47,control,no_distractor,11,12,0.0
e47,control,no_distractor,12,13,0.0
e47,control,no_distractor,13,14,0.0
e47,control,no_distractor,14,15,0.0
e47,control,no_distractor,15,16,-0.04999999999999993
e47,control,no_distractor,16,17,0.0
e47,control,no_distractor,17,18,0.0
e47,control,no_distractor,18,19,0.0
e47,control,no_distractor,19,20,0.0
e47,control,no_distractor,20,21,0.020000000000000018
e47,control,no_distractor,21,22,0.020000000000000018
e47,control,no_distractor,22,23,0.0
e47,control,no_distractor,23,24,0.019999999999999907
e47,control,no_distractor,24,25,0.050000000000000044
e47,control,no_distractor,25,26,0.0
e47,control,no_distractor,26,27,0.0
e47,control,no_distractor,27,28,-0.020000000000000018
e47,control,no_distractor,28,29,0.0
e47,control,no_distractor,29,30,0.0
e47,control,no_distractor,30,31,0.0
e47,control,no_distractor,31,32,0.0
e47,control,no_distractor,32,33,0.0
e47,control,no_distractor,33,34,0.0
e47,control,no_distractor,34,35,0.0
e47,control,no_distractor,35,36,0.0
e48,control,distractor,1,2,0.0
e48,control,distractor,2,3,0.0
e48,control,distractor,3,4,0.04999999999999999
e48,control,distractor,4,5,0.0
e48,control,distractor,5,6,0.03500000000000003
e48,control,distractor,6,7,0.0
e48,control,distractor,7,8,-0.050000000000000044
e48,control,distractor,8,9,-0.05999999999999997
e48,control,distractor,9,10,0.0
e48,control,distractor,10,11,0.034999999999999976
e48,control,distractor,11,12,-0.05999999999999997
e48,control,distractor,12,13,0.034999999999999976
e48,control,distractor,13,14,0.0
e48,control,distractor,14,15,0.0
e48,control,distractor,15,16,0.0
e48,control,distractor,16,17,-0.010000000000000009
e48,control,distractor,17,18,0.03500000000000003
e48,control,distractor,18,19,-0.04500000000000001
e48,control,distractor,19,20,0.024999999999999994
e48,control,distractor,20,21,0.0
e48,control,distractor,21,22,0.014999999999999986
e48,control,distractor,22,23,0.0
e48,control,distractor,23,24,-0.01999999999999999
e48,control,distractor,24,25,0.010000000000000009
e48,control,distractor,25,26,-0.035
e48,control,distractor,26,27,0.0
e48,control,distractor,27,28,0.0
e48,control,distractor,28,29,-0.014999999999999986
e48,control,distractor,29,30,0.034999999999999976
e48,control,distractor,30,31,0.0
e48,control,distractor,31,32,-0.014999999999999986
e48,control,distractor,32,33,0.0
e48,control,distractor,33,34,0.0
e48,control,distractor,34,35,0.035
e48,control,distractor,35,36,-0.025000000000000022
e48,control,no_distractor,1,2,0.0
e48,control,no_distractor,2,3,0.0
e48,control,no_distractor,3,4,0.0
e48,control,no_distractor,4,5,0.0
e48,control,no_distractor,5,6,-0.019999999999999907
e48,control,no_distractor,6,7,0.0
e48,control,no_distractor,7,8,0.0
e48,control,no_distractor,8,9,0.0
e48,control,no_distractor,9,10,0.0
e48,control,no_distractor,10,11,0.019999999999999907
e48,control,no_distractor,11,12,0.0
e48,control,no_distractor,12,13,0.020000000000000018
e48,control,no_distractor,13,14,0.0
e48,control,no_distractor,14,15,0.0
e48,control,no_distractor,15,16,0.0
e48,control,no_distractor,16,17,0.0
e48,control,no_distractor,17,18,0.020000000000000018
e48,control,no_distractor,18,19,0.0
e48,control,no_distractor,19,20,0.0
e48,control,no_distractor,20,21,0.0
e48,control,no_distractor,21,22,0.020000000000000018
e48,control,no_distractor,22,23,0.0
e48,control,no_distractor,23,24,0.0
e48,control,no_distractor,24,25,0.050000000000000044
e48,control,no_distractor,25,26,-0.020000000000000018
e48,control,no_distractor,26,27,0.0
e48,control,no_distractor,27,28,0.0
e48,control,no_distractor,28,29,0.020000000000000018
e48,control,no_distractor,29,30,0.0
e48,control,no_distractor,30,31,0.0
e48,control,no_distractor,31,32,0.019999999999999907
e48,control,no_distractor,32,33,0.0
e48,control,no_distractor,33,34,0.0
e48,control,no_distractor,34,35,0.0
e48,control,no_distractor,35,36,0.0
e49,experimental,distractor,1,2,0.010000000000000009
e49,experimental,distractor,2,3,-0.025000000000000022
e49,experimental,distractor,3,4,0.035
e49,experimental,distractor,4,5,0.05000000000000002
e49,experimental,distractor,5,6,0.025000000000000022
e49,experimental,distractor,6,7,0.0
e49,experimental,distractor,7,8,0.04999999999999993
e49,experimental,distractor,8,9,0.0
e49,experimental,distractor,9,10,0.020000000000000018
e49,experimental,distractor,10,11,0.0
e49,experimental,distractor,11,12,0.0
e49,experimental,distractor,12,13,0.020000000000000018
e49,experimental,distractor,13,14,0.025000000000000022
e49,experimental,distractor,14,15,0.0
e49,experimental,distractor,15,16,0.010000000000000009
e49,experimental,distractor,16,17,-0.050000000000000044
e49,experimental,distractor,17,18,-0.025000000000000022
e49,experimental,distractor,18,19,-0.04999999999999999
e49,experimental,distractor,19,20,0.025000000000000022
e49,experimental,distractor,20,21,-0.025000000000000022
e49,experimental,distractor,21,22,0.020000000000000018
e49,experimental,distractor,22,23,0.0
e49,experimental,distractor,23,24,0.0
e49,experimental,distractor,24,25,0.0
e49,experimental,distractor,25,26,0.020000000000000018
e49,experimental,distractor,26,27,-0.04999999999999999
e49,experimental,distractor,27,28,0.019999999999999962
e49,experimental,distractor,28,29,0.0
e49,experimental,distractor,29,30,0.024999999999999967
e49,experimental,distractor,30,31,0.0
e49,experimental,distractor,31,32,0.0
e49,experimental,distractor,32,33,-0.024999999999999967
e49,experimental,distractor,33,34,0.0
e49,experimental,distractor,34,35,0.0
e49,experimental,distractor,35,36,0.0
e49,experimental,no_distractor,1,2,0.050000000000000044
e49,experimental,no_distractor,2,3,0.020000000000000018
e49,experimental,no_distractor,3,4,0.04999999999999993
e49,experimental,no_distractor,4,5,0.0
e49,experimental,no_distractor,5,6,0.020000000000000018
e49,experimental,no_distractor,6,7,0.0
e49,experimental,no_distractor,7,8,-0.09999999999999998
e49,experimental,no_distractor,8,9,-0.020000000000000018
e49,experimental,no_distractor,9,10,0.0
e49,experimental,no_distractor,10,11,-0.09999999999999998
e49,experimental,no_distractor,11,12,0.0
e49,experimental,no_distractor,12,13,-0.020000000000000018
e49,experimental,no_distractor,13,14,0.050000000000000044
e49,experimental,no_distractor,14,15,0.0
e49,experimental,no_distractor,15,16,0.04999999999999993
e49,experimental,no_distractor,16,17,0.0
e49,experimental,no_distractor,17,18,0.050000000000000044
e49,experimental,no_distractor,18,19,0.0
e49,experimental,no_distractor,19,20,0.0
e49,experimental,no_distractor,20,21,0.0
e49,experimental,no_distractor,21,22,0.020000000000000018
e49,experimental,no_distractor,22,23,0.0
e49,experimental,no_distractor,23,24,0.0
e49,experimental,no_distractor,24,25,-0.020000000000000018
e49,experimental,no_distractor,25,26,0.0
e49,experimental,no_distractor,26,27,0.0
e49,experimental,no_distractor,27,28,0.020000000000000018
e49,experimental,no_distractor,28,29,0.0
e49,experimental,no_distractor,29,30,0.020000000000000018
e49,experimental,no_distractor,30,31,0.0
e49,experimental,no_distractor,31,32,0.0
e49,experimental,no_distractor,32,33,0.0
e49,experimental,no_distractor,33,34,0.0
e49,experimental,no_distractor,34,35,-0.020000000000000018
e49,experimental,no_distractor,35,36,0.0
e50,control,distractor,1,2,0.0
e50,control,distractor,2,3,0.01999999999999999
e50,control,distractor,3,4,0.009999999999999981
e50,control,distractor,4,5,0.0
e50,control,distractor,5,6,0.0
e50,control,distractor,6,7,0.0
e50,control,distractor,7,8,0.025000000000000022
e50,control,distractor,8,9,0.0
e50,control,distractor,9,10,-0.04999999999999999
e50,control,distractor,10,11,0.0
e50,control,distractor,11,12,0.009999999999999981
e50,control,distractor,12,13,0.015000000000000013
e50,control,distractor,13,14,-0.010000000000000009
e50,control,distractor,14,15,0.0
e50,control,distractor,15,16,0.01999999999999999
e50,control,distractor,16,17,-0.024999999999999994
e50,control,distractor,17,18,-0.05000000000000002
e50,control,distractor,18,19,0.0
e50,control,distractor,19,20,0.0
e50,control,distractor,20,21,0.020000000000000018
e50,control,distractor,21,22,0.035
e50,control,distractor,22,23,0.0
e50,control,distractor,23,24,0.01999999999999999
e50,control,distractor,24,25,-0.024999999999999994
e50,control,distractor,25,26,0.0
e50,control,distractor,26,27,0.010000000000000009
e50,control,distractor,27,28,0.0
e50,control,distractor,28,29,-0.024999999999999994
e50,control,distractor,29,30,0.009999999999999981
e50,control,distractor,30,31,0.0
e50,control,distractor,31,32,0.0
e50,control,distractor,32,33,0.0
e50,control,distractor,33,34,-0.04999999999999999
e50,control,distractor,34,35,0.0
e50,control,distractor,35,36,0.035
e50,control,no_distractor,1,2,0.0
e50,control,no_distractor,2,3,0.050000000000000044
e50,control,no_distractor,3,4,0.020000000000000018
e50,control,no_distractor,4,5,0.0
e50,control,no_distractor,5,6,0.0
e50,control,no_distractor,6,7,0.0
e50,control,no_distractor,7,8,0.04999999999999993
e50,control,no_distractor,8,9,0.0
e50,control,no_distractor,9,10,0.0
e50,control,no_distractor,10,11,0.0
e50,control,no_distractor,11,12,0.050000000000000044
e50,control,no_distractor,12,13,0.050000000000000044
e50,control,no_distractor,13,14,0.0
e50,control,no_distractor,14,15,0.0
e50,control,no_distractor,15,16,0.0
e50,control,no_distractor,16,17,-0.050000000000000044
e50,control,no_distractor,17,18,0.0
e50,control,no_distractor,18,19,-0.020000000000000018
e50,control,no_distractor,19,20,0.0
e50,control,no_distractor,20,21,0.0
e50,control,no_distractor,21,22,0.020000000000000018
e50,control,no_distractor,22,23,0.0
e50,control,no_distractor,23,24,0.0
e50,control,no_distractor,24,25,0.0
e50,control,no_distractor,25,26,0.0
e50,control,no_distractor,26,27,0.020000000000000018
e50,control,no_distractor,27,28,0.0
e50,control,no_distractor,28,29,0.04999999999999993
e50,control,no_distractor,29,30,0.020000000000000018
e50,control,no_distractor,30,31,0.0
e50,control,no_distractor,31,32,0.0
e50,control,no_distractor,32,33,-0.09999999999999998
e50,control,no_distractor,33,34,0.0
e50,control,no_distractor,34,35,0.0
e50,control,no_distractor,35,36,0.0
e51,experimental,distractor,1,2,0.06
e51,experimental,distractor,2,3,-0.015000000000000013
e51,experimental,distractor,3,4,0.010000000000000009
e51,experimental,distractor,4,5,0.034999999999999976
e51,experimental,distractor,5,6,0.0
e51,experimental,distractor,6,7,0.0
e51,experimental,distractor,7,8,-0.04999999999999999
e51,experimental,distractor,8,9,0.0
e51,experimental,distractor,9,10,-0.024999999999999994
e51,experimental,distractor,10,11,0.0
e51,experimental,distractor,11,12,0.01999999999999999
e51,experimental,distractor,12,13,0.0
e51,experimental,distractor,13,14,-0.009999999999999981
e51,experimental,distractor,14,15,0.0
e51,experimental,distractor,15,16,-0.05000000000000002
e51,experimental,distractor,16,17,-0.01999999999999999
e51,experimental,distractor,17,18,0.0
e51,experimental,distractor,18,19,0.0
e51,experimental,distractor,19,20,0.0
e51,experimental,distractor,20,21,-0.05
e51,experimental,distractor,21,22,0.05
e51,experimental,distractor,22,23,0.0
e51,experimental,distractor,23,24,0.0
e51,experimental,distractor,24,25,0.0
e51,experimental,distractor,25,26,0.035
e51,experimental,distractor,26,27,-0.05000000000000002
e51,experimental,distractor,27,28,0.0
e51,experimental,distractor,28,29,0.035
e51,experimental,distractor,29,30,0.015000000000000013
e51,experimental,distractor,30,31,0.0
e51,experimental,distractor,31,32,-0.03
e51,experimental,distractor,32,33,0.035
e51,experimental,distractor,33,34,-0.024999999999999994
e51,experimental,distractor,34,35,0.0
e51,experimental,distractor,35,36,0.034999999999999976
e51,experimental,no_distractor,1,2,0.050000000000000044
e51,experimental,no_distractor,2,3,0.050000000000000044
e51,experimental,no_distractor,3,4,0.0
e51,experimental,no_distractor,4,5,0.0
e51,experimental,no_distractor,5,6,0.0
e51,experimental,no_distractor,6,7,0.0
e51,experimental,no_distractor,7,8,0.0
e51,experimental,no_distractor,8,9,0.0
e51,experimental,no_distractor,9,10,-0.020000000000000018
e51,experimental,no_distractor,10,11,0.0
e51,experimental,no_distractor,11,12,0.0
e51,experimental,no_distractor,12,13,0.0
e51,experimental,no_distractor,13,14,0.0
e51,experimental,no_distractor,14,15,0.0
e51,experimental,no_distractor,15,16,-0.050000000000000044
e51,experimental,no_distractor,16,17,0.0
e51,experimental,no_distractor,17,18,0.0
e51,experimental,no_distractor,18,19,-0.020000000000000018
e51,experimental,no_distractor,19,20,0.0
e51,experimental,no_distractor,20,21,0.0
e51,experimental,no_distractor,21,22,0.020000000000000018
e51,experimental,no_distractor,22,23,0.0
e51,experimental,no_distractor,23,24,0.020000000000000018
e51,experimental,no_distractor,24,25,-0.09999999999999998
e51,experimental,no_distractor,25,26,0.020000000000000018
e51,experimental,no_distractor,26,27,0.0
e51,experimental,no_distractor,27,28,0.0
e51,experimental,no_distractor,28,29,0.019999999999999907
e51,experimental,no_distractor,29,30,0.020000000000000018
e51,experimental,no_distractor,30,31,0.0
e51,experimental,no_distractor,31,32,-0.04999999999999993
e51,experimental,no_distractor,32,33,0.0
e51,experimental,no_distractor,33,34,0.0
e51,experimental,no_distractor,34,35,-0.09999999999999998
e51,experimental,no_distractor,35,36,0.04999999999999993
e52,control,distractor,1,2,0.034999999999999976
e52,control,distractor,2,3,0.020000000000000018
e52,control,distractor,3,4,0.0
e52,control,distractor,4,5,0.0
e52,control,distractor,5,6,0.020000000000000018
e52,control,distractor,6,7,0.0
e52,control,distractor,7,8,0.0
e52,control,distractor,8,9,0.0
e52,control,distractor,9,10,0.0
e52,control,distractor,10,11,0.0
e52,control,distractor,11,12,0.0
e52,control,distractor,12,13,0.0
e52,control,distractor,13,14,0.034999999999999976
e52,control,distractor,14,15,0.0
e52,control,distractor,15,16,0.0
e52,control,distractor,16,17,-0.034999999999999976
e52,control,distractor,17,18,0.0
e52,control,distractor,18,19,0.0
e52,control,distractor,19,20,-0.025000000000000022
e52,control,distractor,20,21,0.020000000000000018
e52,control,distractor,21,22,0.0
e52,control,distractor,22,23,0.0
e52,control,distractor,23,24,0.010000000000000009
e52,control,distractor,24,25,0.0
e52,control,distractor,25,26,-0.010000000000000009
e52,control,distractor,26,27,0.010000000000000009
e52,control,distractor,27,28,-0.010000000000000009
e52,control,distractor,28,29,0.010000000000000009
e52,control,distractor,29,30,-0.040000000000000036
e52,control,distractor,30,31,0.0
e52,control,distractor,31,32,0.0
e52,control,distractor,32,33,0.03500000000000003
e52,control,distractor,33,34,0.015000000000000013
e52,control,distractor,34,35,0.0
e52,control,distractor,35,36,0.03499999999999992
e52,control,no_distractor,1,2,0.050000000000000044
e52,control,no_distractor,2,3,0.050000000000000044
e52,control,no_distractor,3,4,0.0
e52,control,no_distractor,4,5,0.0
e52,control,no_distractor,5,6,0.019999999999999907
e52,control,no_distractor,6,7,0.0
e52,control,no_distractor,7,8,0.020000000000000018
e52,control,no_distractor,8,9,0.0
e52,control,no_distractor,9,10,0.0
e52,control,no_distractor,10,11,-0.04999999999999993
e52,control,no_distractor,11,12,0.0
e52,control,no_distractor,12,13,0.0
e52,control,no_distractor,13,14,0.0
e52,control,no_distractor,14,15,0.0
e52,control,no_distractor,15,16,0.0
e52,control,no_distractor,16,17,0.0
e52,control,no_distractor,17,18,0.0
e52,control,no_distractor,18,19,-0.050000000000000044
e52,control,no_distractor,19,20,0.0
e52,control,no_distractor,20,21,0.020000000000000018
e52,control,no_distractor,21,22,0.0
e52,control,no_distractor,22,23,0.0
e52,control,no_distractor,23,24,0.020000000000000018
e52,control,no_distractor,24,25,-0.09999999999999998
e52,control,no_distractor,25,26,0.0
e52,control,no_distractor,26,27,0.04999999999999993
e52,control,no_distractor,27,28,0.0
e52,control,no_distractor,28,29,0.050000000000000044
e52,control,no_distractor,29,30,0.020000000000000018
e52,control,no_distractor,30,31,0.0
e52,control,no_distractor,31,32,0.0
e52,control,no_distractor,32,33,0.04999999999999993
e52,control,no_distractor,33,34,0.0
e52,control,no_distractor,34,35,-0.09999999999999998
e52,control,no_distractor,35,36,0.0
e53,control,distractor,1,2,-0.015000000000000013
e53,control,distractor,2,3,0.0
e53,control,distractor,3,4,0.020000000000000018
e53,control,distractor,4,5,0.01999999999999999
e53,control,distractor,5,6,0.0
e53,control,distractor,6,7,0.0
e53,control,distractor,7,8,0.0
e53,control,distractor,8,9,0.0
e53,control,distractor,9,10,0.009999999999999981
e53,control,distractor,10,11,0.010000000000000009
e53,control,distractor,11,12,0.020000000000000018
e53,control,distractor,12,13,0.0
e53,control,distractor,13,14,0.010000000000000009
e53,control,distractor,14,15,0.0
e53,control,distractor,15,16,0.0
e53,control,distractor,16,17,0.0
e53,control,distractor,17,18,0.0
e53,control,distractor,18,19,0.034999999999999976
e53,control,distractor,19,20,0.0
e53,control,distractor,20,21,0.010000000000000009
e53,control,distractor,21,22,0.0
e53,control,distractor,22,23,0.0
e53,control,distractor,23,24,0.024999999999999967
e53,control,distractor,24,25,0.0
e53,control,distractor,25,26,0.0
e53,control,distractor,26,27,0.0
e53,control,distractor,27,28,0.0
e53,control,distractor,28,29,0.03500000000000003
e53,control,distractor,29,30,0.010000000000000009
e53,control,distractor,30,31,0.0
e53,control,distractor,31,32,0.020000000000000018
e53,control,distractor,32,33,0.010000000000000009
e53,control,distractor,33,34,0.0
e53,control,distractor,34,35,0.019999999999999962
e53,control,distractor,35,36,0.034999999999999976
e53,control,no_distractor,1,2,0.050000000000000044
e53,control,no_distractor,2,3,0.0
e53,control,no_distractor,3,4,0.020000000000000018
e53,control,no_distractor,4,5,0.020000000000000018
e53,control,no_distractor,5,6,0.0
e53,control,no_distractor,6,7,0.0
e53,control,no_distractor,7,8,-0.050000000000000044
e53,control,no_distractor,8,9,0.0
e53,control,no_distractor,9,10,0.020000000000000018
e53,control,no_distractor,10,11,0.0
e53,control,no_distractor,11,12,0.020000000000000018
e53,control,no_distractor,12,13,0.0
e53,control,no_distractor,13,14,0.04999999999999993
e53,control,no_distractor,14,15,0.0
e53,control,no_distractor,15,16,-0.019999999999999907
e53,control,no_distractor,16,17,0.0
e53,control,no_distractor,17,18,0.0
e53,control,no_distractor,18,19,0.019999999999999907
e53,control,no_distractor,19,20,0.0
e53,control,no_distractor,20,21,0.0
e53,control,no_distractor,21,22,-0.09999999999999998
e53,control,no_distractor,22,23,0.0
e53,control,no_distractor,23,24,0.050000000000000044
e53,control,no_distractor,24,25,0.0
e53,control,no_distractor,25,26,0.0
e53,control,no_distractor,26,27,0.04999999999999993
e53,control,no_distractor,27,28,0.0
e53,control,no_distractor,28,29,0.050000000000000044
e53,control,no_distractor,29,30,0.0
e53,control,no_distractor,30,31,0.0
e53,control,no_distractor,31,32,0.0
e53,control,no_distractor,32,33,0.050000000000000044
e53,control,no_distractor,33,34,-0.020000000000000018
e53,control,no_distractor,34,35,0.020000000000000018
e53,control,no_distractor,35,36,0.019999999999999907
e54,control,distractor,1,2,0.0
e54,control,distractor,2,3,0.024999999999999994
e54,control,distractor,3,4,0.035
e54,control,distractor,4,5,0.0
e54,control,distractor,5,6,0.0
e54,control,distractor,6,7,0.0
e54,control,distractor,7,8,0.03500000000000003
e54,control,distractor,8,9,0.0
e54,control,distractor,9,10,0.0
e54,control,distractor,10,11,0.0
e54,control,distractor,11,12,0.0
e54,control,distractor,12,13,0.0
e54,control,distractor,13,14,0.0
e54,control,distractor,14,15,0.0
e54,control,distractor,15,16,-0.025000000000000022
e54,control,distractor,16,17,0.0
e54,control,distractor,17,18,0.010000000000000009
e54,control,distractor,18,19,0.0
e54,control,distractor,19,20,0.0
e54,control,distractor,20,21,0.019999999999999962
e54,control,distractor,21,22,0.020000000000000018
e54,control,distractor,22,23,0.0
e54,control,distractor,23,24,0.0
e54,control,distractor,24,25,0.0
e54,control,distractor,25,26,-0.010000000000000009
e54,control,distractor,26,27,0.0
e54,control,distractor,27,28,0.010000000000000009
e54,control,distractor,28,29,0.0
e54,control,distractor,29,30,-0.024999999999999967
e54,control,distractor,30,31,0.0
e54,control,distractor,31,32,0.0
e54,control,distractor,32,33,0.019999999999999962
e54,control,distractor,33,34,-0.04999999999999999
e54,control,distractor,34,35,-0.06
e54,control,distractor,35,36,0.0
e54,control,no_distractor,1,2,0.0
e54,control,no_distractor,2,3,0.050000000000000044
e54,control,no_distractor,3,4,0.050000000000000044
e54,control,no_distractor,4,5,0.0
e54,control,no_distractor,5,6,0.019999999999999907
e54,control,no_distractor,6,7,0.0
e54,control,no_distractor,7,8,0.020000000000000018
e54,control,no_distractor,8,9,0.0
e54,control,no_distractor,9,10,-0.04999999999999993
e54,control,no_distractor,10,11,0.0
e54,control,no_distractor,11,12,-0.020000000000000018
e54,control,no_distractor,12,13,0.0
e54,control,no_distractor,13,14,0.0
e54,control,no_distractor,14,15,0.0
e54,control,no_distractor,15,16,0.0
e54,control,no_distractor,16,17,0.0
e54,control,no_distractor,17,18,0.020000000000000018
e54,control,no_distractor,18,19,0.0
e54,control,no_distractor,19,20,0.0
e54,control,no_distractor,20,21,0.0
e54,control,no_distractor,21,22,0.0
e54,control,no_distractor,22,23,0.0
e54,control,no_distractor,23,24,0.0
e54,control,no_distractor,24,25,0.0
e54,control,no_distractor,25,26,0.0
e54,control,no_distractor,26,27,0.0
e54,control,no_distractor,27,28,0.0
e54,control,no_distractor,28,29,0.0
e54,control,no_distractor,29,30,0.0
e54,control,no_distractor,30,31,0.0
e54,control,no_distractor,31,32,0.0
e54,control,no_distractor,32,33,0.020000000000000018
e54,control,no_distractor,33,34,-0.020000000000000018
e54,control,no_distractor,34,35,0.0
e54,control,no_distractor,35,36,0.0
e55,experimental,distractor,1,2,0.034999999999999976
e55,experimental,distractor,2,3,0.025000000000000022
e55,experimental,distractor,3,4,0.025000000000000022
e55,experimental,distractor,4,5,0.0
e55,experimental,distractor,5,6,-0.05000000000000002
e55,experimental,distractor,6,7,0.0
e55,experimental,distractor,7,8,0.01999999999999999
e55,experimental,distractor,8,9,0.03500000000000003
e55,experimental,distractor,9,10,0.034999999999999976
e55,experimental,distractor,10,11,0.019999999999999962
e55,experimental,distractor,11,12,0.0
e55,experimental,distractor,12,13,-0.024999999999999967
e55,experimental,distractor,13,14,0.019999999999999962
e55,experimental,distractor,14,15,0.0
e55,experimental,distractor,15,16,0.010000000000000009
e55,experimental,distractor,16,17,-0.010000000000000009
e55,experimental,distractor,17,18,0.0
e55,experimental,distractor,18,19,0.0
e55,experimental,distractor,19,20,0.0
e55,experimental,distractor,20,21,0.0
e55,experimental,distractor,21,22,-0.04999999999999993
e55,experimental,distractor,22,23,0.0
e55,experimental,distractor,23,24,0.18499999999999994
e55,experimental,distractor,24,25,0.0
e55,experimental,distractor,25,26,-0.175
e55,experimental,distractor,26,27,0.0
e55,experimental,distractor,27,28,0.0
e55,experimental,distractor,28,29,-0.04999999999999999
e55,experimental,distractor,29,30,0.0
e55,experimental,distractor,30,31,0.0
e55,experimental,distractor,31,32,0.0
e55,experimental,distractor,32,33,-0.009999999999999981
e55,experimental,distractor,33,34,0.0
e55,experimental,distractor,34,35,0.0
e55,experimental,distractor,35,36,0.01999999999999999
e55,experimental,no_distractor,1,2,0.050000000000000044
e55,experimental,no_distractor,2,3,0.020000000000000018
e55,experimental,no_distractor,3,4,0.020000000000000018
e55,experimental,no_distractor,4,5,0.0
e55,experimental,no_distractor,5,6,0.0
e55,experimental,no_distractor,6,7,0.0
e55,experimental,no_distractor,7,8,0.020000000000000018
e55,experimental,no_distractor,8,9,0.019999999999999907
e55,experimental,no_distractor,9,10,0.0
e55,experimental,no_distractor,10,11,0.020000000000000018
e55,experimental,no_distractor,11,12,0.0
e55,experimental,no_distractor,12,13,0.0
e55,experimental,no_distractor,13,14,0.020000000000000018
e55,experimental,no_distractor,14,15,0.0
e55,experimental,no_distractor,15,16,0.020000000000000018
e55,experimental,no_distractor,16,17,0.0
e55,experimental,no_distractor,17,18,-0.020000000000000018
e55,experimental,no_distractor,18,19,-0.020000000000000018
e55,experimental,no_distractor,19,20,-0.04999999999999993
e55,experimental,no_distractor,20,21,0.0
e55,experimental,no_distractor,21,22,0.0
e55,experimental,no_distractor,22,23,0.0
e55,experimental,no_distractor,23,24,0.0
e55,experimental,no_distractor,24,25,0.0
e55,experimental,no_distractor,25,26,0.0
e55,experimental,no_distractor,26,27,0.0
e55,experimental,no_distractor,27,28,0.0
e55,experimental,no_distractor,28,29,0.0
e55,experimental,no_distractor,29,30,0.0
e55,experimental,no_distractor,30,31,0.0
e55,experimental,no_distractor,31,32,0.0
e55,experimental,no_distractor,32,33,0.0
e55,experimental,no_distractor,33,34,-0.020000000000000018
e55,experimental,no_distractor,34,35,0.020000000000000018
e55,experimental,no_distractor,35,36,0.0
