group,sample_index,time_sec,t_value,uncorrected_p_value,cluster_id,in_significant_cluster_fwer
bci,256,0.0,-0.6330155798945108,0.5362556132303838,,False
bci,257,0.001953125,-0.7390820617554111,0.47126528650222044,,False
bci,258,0.00390625,-0.8392264371207504,0.4145175973262373,,False
bci,259,0.005859375,-0.9362795692922948,0.3639596919388729,,False
bci,260,0.0078125,-1.0324335742488226,0.3182290390641399,,False
bci,261,0.009765625,-1.1291148100918116,0.27658397164524207,,False
bci,262,0.01171875,-1.2268935731058932,0.23877216104748938,,False
bci,263,0.013671875,-1.325177546379618,0.20494448107288896,,False
bci,264,0.015625,-1.4217801225967432,0.17554891073794493,,False
bci,265,0.017578125,-1.5125062904109146,0.15118632932006845,,False
bci,266,0.01953125,-1.5904463320405193,0.13258512365409256,,False
bci,267,0.021484375,-1.6459539141794384,0.12055946792347491,,False
bci,268,0.0234375,-1.6681552788848235,0.11601941692972818,,False
bci,269,0.025390625,-1.6480302538127405,0.1201284646469175,,False
bci,270,0.02734375,-1.5823332824596028,0.13442597241447976,,False
bci,271,0.029296875,-1.4758634745222452,0.16066291687411727,,False
bci,272,0.03125,-1.3399100921755895,0.20022081929139637,,False
bci,273,0.033203125,-1.1879305600285468,0.2533308451781937,,False
bci,274,0.03515625,-1.0317657011351666,0.3185317552764194,,False
bci,275,0.037109375,-0.8798760425402251,0.39280510595064244,,False
bci,276,0.0390625,-0.7374227829697539,0.4722439356850643,,False
bci,277,0.041015625,-0.6072777523828764,0.552749259367437,,False
bci,278,0.04296875,-0.49098589782038393,0.6305419813418629,,False
bci,279,0.044921875,-0.3894878818737735,0.7023892679942668,,False
bci,280,0.046875,-0.3035816365571111,0.7656168680688344,,False
bci,281,0.048828125,-0.23393123898696053,0.8182011050305156,,False
bci,282,0.05078125,-0.18076893926123044,0.8589687025926502,,False
bci,283,0.052734375,-0.14378815929165542,0.887581702579908,,False
bci,284,0.0546875,-0.12215944808527307,0.9043943382382549,,False
bci,285,0.056640625,-0.11445352036239705,0.9103962632717093,,False
bci,286,0.05859375,-0.11900392628609403,0.9068513768707651,,False
bci,287,0.060546875,-0.13404952223042377,0.8951454400050789,,False
bci,288,0.0625,-0.15810972004942028,0.8764792230448111,,False
bci,289,0.064453125,-0.190084600952446,0.8517913474795173,,False
bci,290,0.06640625,-0.22933585560230393,0.8217055813853454,,False
bci,291,0.068359375,-0.27550897508098277,0.786684352173016,,False
bci,292,0.0703125,-0.3282745822527077,0.747241847460514,,False
bci,293,0.072265625,-0.3866704938543355,0.7044302719927218,,False
bci,294,0.07421875,-0.4483021186798889,0.6603427981699519,,False
bci,295,0.076171875,-0.5085355591143865,0.6184750291579446,,False
bci,296,0.078125,-0.5610518240018072,0.5830471957356345,,False
bci,297,0.080078125,-0.6002966447359078,0.5572699026948091,,False
bci,298,0.08203125,-0.6247961201004492,0.5414931169080619,,False
bci,299,0.083984375,-0.6382916729939316,0.5329085124028702,,False
bci,300,0.0859375,-0.6472569657284113,0.5272478443231068,,False
bci,301,0.087890625,-0.6579088480192964,0.5205664604163034,,False
bci,302,0.08984375,-0.6748844206363827,0.5100186648160546,,False
bci,303,0.091796875,-0.7012135399989334,0.4939055629916368,,False
bci,304,0.09375,-0.7389018527216606,0.47137151476799566,,False
bci,305,0.095703125,-0.7891974846960981,0.44229304662470703,,False
bci,306,0.09765625,-0.8531179146773619,0.4070109287551823,,False
bci,307,0.099609375,-0.9314673028880961,0.36636243574028315,,False
bci,308,0.1015625,-1.024671463783485,0.32176008092238184,,False
bci,309,0.103515625,-1.1324243197386803,0.27523421321861063,,False
bci,310,0.10546875,-1.2532716371406516,0.2292909143967479,,False
bci,311,0.107421875,-1.3839964422400215,0.186607587752884,,False
bci,312,0.109375,-1.5187140029379111,0.149628253638629,,False
bci,313,0.111328125,-1.6484002679259495,0.12005179740789391,,False
bci,314,0.11328125,-1.7614919780675615,0.09851836666286158,,False
bci,315,0.115234375,-1.8459831487033789,0.08472293961311826,,False
bci,316,0.1171875,-1.8924281909380265,0.07789603235765517,,False
bci,317,0.119140625,-1.8971947425215725,0.07722406333569161,,False
bci,318,0.12109375,-1.8632410401836539,0.08212621047410537,,False
bci,319,0.123046875,-1.7984379225672558,0.09225884825363236,,False
bci,320,0.125,-1.71264727572922,0.10736530197119061,,False
bci,321,0.126953125,-1.615423936376185,0.12705227055896745,,False
bci,322,0.12890625,-1.5147524409889968,0.15062100133629533,,False
bci,323,0.130859375,-1.4167571559070322,0.17698731356540642,,False
bci,324,0.1328125,-1.3263050553975368,0.20457984067146237,,False
bci,325,0.134765625,-1.2472845275426905,0.23141661401085473,,False
bci,326,0.13671875,-1.1830896309245147,0.25518635962998915,,False
bci,327,0.138671875,-1.1370823382970978,0.27334288042794475,,False
bci,328,0.140625,-1.1123624118725814,0.2834926485107973,,False
bci,329,0.142578125,-1.1117532958269034,0.2837462553638671,,False
bci,330,0.14453125,-1.1377032535931195,0.27309150670073207,,False
bci,331,0.146484375,-1.1919335528878918,0.25180434623201114,,False
bci,332,0.1484375,-1.2750046859926951,0.22170324571887579,,False
bci,333,0.150390625,-1.3858880591717213,0.1860407419164646,,False
bci,334,0.15234375,-1.5215290397067223,0.14892616732505257,,False
bci,335,0.154296875,-1.6765370711347578,0.11434427262470777,,False
bci,336,0.15625,-1.8432093967926348,0.08514705480160813,,False
bci,337,0.158203125,-2.011702393815566,0.06257284480444814,,False
bci,338,0.16015625,-2.170637561377509,0.046420398757443734,1.0,False
bci,339,0.162109375,-2.308351951648157,0.03564395839979524,1.0,False
bci,340,0.1640625,-2.4147285582230116,0.02897795386028665,1.0,False
bci,341,0.166015625,-2.4831608919762522,0.025333325192378436,1.0,False
bci,342,0.16796875,-2.511671313729817,0.023947435178270925,1.0,False
bci,343,0.169921875,-2.503091340941667,0.0243567129162664,1.0,False
bci,344,0.171875,-2.4639994949863513,0.026307338262746848,1.0,False
bci,345,0.173828125,-2.4029889518295944,0.029651174533525778,1.0,False
bci,346,0.17578125,-2.329109553416013,0.034239209992767014,1.0,False
bci,347,0.177734375,-2.250588749820084,0.039842919056472983,1.0,False
bci,348,0.1796875,-2.174387996001483,0.046090563265181565,1.0,False
bci,349,0.181640625,-2.106080312777711,0.05245148257636246,,False
bci,350,0.18359375,-2.05010586021509,0.05825627988688949,,False
bci,351,0.185546875,-2.0099260790696274,0.06277938573423225,,False
bci,352,0.1875,-1.9884199486866685,0.06532970856894613,,False
bci,353,0.189453125,-1.9879261165903572,0.06538936038145417,,False
bci,354,0.19140625,-2.0104117898011786,0.0627228481549225,,False
bci,355,0.193359375,-2.057655792037035,0.05744037378254316,,False
bci,356,0.1953125,-2.1311575490141896,0.05002760463522336,,False
bci,357,0.197265625,-2.23189136808524,0.041298295598241344,2.0,True
bci,358,0.19921875,-2.3602019232805325,0.032232191749776214,2.0,True
bci,359,0.201171875,-2.515303692530547,0.023776150113072554,2.0,True
bci,360,0.203125,-2.694300449975077,0.01664793172577981,2.0,True
bci,361,0.205078125,-2.8909169629992575,0.011199028175046689,2.0,True
bci,362,0.20703125,-3.0939193970383068,0.0074086744154892355,2.0,True
bci,363,0.208984375,-3.2859774995711923,0.005000626047058247,2.0,True
bci,364,0.2109375,-3.4449964934736634,0.003608705860634262,2.0,True
bci,365,0.212890625,-3.5485442143582673,0.002917932952622446,2.0,True
bci,366,0.21484375,-3.5815756149083806,0.002726772374580529,2.0,True
bci,367,0.216796875,-3.5428319505223578,0.002952329424242317,2.0,True
bci,368,0.21875,-3.4449048779628826,0.003609384383083453,2.0,True
bci,369,0.220703125,-3.308174978652847,0.004778136270392748,2.0,True
bci,370,0.22265625,-3.153382935705958,0.006560806481560398,2.0,True
bci,371,0.224609375,-2.9970644648707925,0.00902652852210256,2.0,True
bci,372,0.2265625,-2.8504009807228017,0.012156624731182543,2.0,True
bci,373,0.228515625,-2.7199542814558972,0.015812811595314915,2.0,True
bci,374,0.23046875,-2.6089268139660953,0.019744872977651786,2.0,True
bci,375,0.232421875,-2.518397720414464,0.023631174098228996,2.0,True
bci,376,0.234375,-2.448152570412861,0.027139678516095635,2.0,True
bci,377,0.236328125,-2.3970831602638834,0.02999542102779073,2.0,True
bci,378,0.23828125,-2.36330997397977,0.03203778160624147,2.0,True
bci,379,0.240234375,-2.3442327911988716,0.03324873430633264,2.0,True
bci,380,0.2421875,-2.336294873786945,0.033765203696318594,2.0,True
bci,381,0.244140625,-2.3352510894267096,0.03383367526894542,2.0,True
bci,382,0.24609375,-2.336258507666372,0.03376758709528589,2.0,True
bci,383,0.248046875,-2.334510774198855,0.03388231866657204,2.0,True
bci,384,0.25,-2.3260648277105265,0.0344419492230717,2.0,True
bci,385,0.251953125,-2.3085460038148367,0.03563057894493681,2.0,True
bci,386,0.25390625,-2.2815655927348093,0.03753674224499039,2.0,True
bci,387,0.255859375,-2.246499695024854,0.040157053031770674,2.0,True
bci,388,0.2578125,-2.2057643292330096,0.04341514217030618,2.0,True
bci,389,0.259765625,-2.161860505352039,0.04720087411084855,2.0,True
bci,390,0.26171875,-2.1169186821125683,0.05139090060766585,,False
bci,391,0.263671875,-2.0722544243429737,0.055892341345801705,,False
bci,392,0.265625,-2.028453210108626,0.060655376035653345,,False
bci,393,0.267578125,-1.9853501899576913,0.06570131875889039,,False
bci,394,0.26953125,-1.942102941353926,0.07114427986515606,,False
bci,395,0.271484375,-1.897328997927403,0.07720521210594568,,False
bci,396,0.2734375,-1.8493387199860785,0.08421237921529916,,False
bci,397,0.275390625,-1.7962213705948729,0.0926242300477224,,False
bci,398,0.27734375,-1.7359315250949032,0.10306480624023442,,False
bci,399,0.279296875,-1.6664628426277752,0.11636022612811646,,False
bci,400,0.28125,-1.586064616258208,0.13357664573579772,,False
bci,401,0.283203125,-1.4935591499391385,0.15602629660032583,,False
bci,402,0.28515625,-1.3884876878857717,0.18526402106417278,,False
bci,403,0.287109375,-1.2713103176090927,0.22297890600667686,,False
bci,404,0.2890625,-1.1434563764558927,0.27077067466914845,,False
bci,405,0.291015625,-1.0071416998024738,0.3298379758447494,,False
bci,406,0.29296875,-0.8651725976555921,0.4005697188786107,,False
bci,407,0.294921875,-0.7206920526674109,0.4821805259757733,,False
bci,408,0.296875,-0.5768275791233504,0.5726116043194613,,False
bci,409,0.298828125,-0.43669424898474496,0.6685538381248634,,False
bci,410,0.30078125,-0.30332567968791735,0.7658081219583066,,False
bci,411,0.302734375,-0.17969161999662805,0.8597995779338722,,False
bci,412,0.3046875,-0.06866672900789082,0.9461619123339366,,False
bci,413,0.306640625,0.02702114140668386,0.9787990913489357,,False
bci,414,0.30859375,0.10472471008342407,0.9179817674708711,,False
bci,415,0.310546875,0.16220527367175405,0.8733090476994334,,False
bci,416,0.3125,0.1978085878291947,0.8458505342601509,,False
bci,417,0.314453125,0.21069657031069372,0.8359595541362215,,False
bci,418,0.31640625,0.20109218707326287,0.8433278947017455,,False
bci,419,0.318359375,0.17026151559323624,0.8670796831304297,,False
bci,420,0.3203125,0.12033438036629372,0.9058153009586623,,False
bci,421,0.322265625,0.054013499125426294,0.9576372372582893,,False
bci,422,0.32421875,-0.02563860717861051,0.9798835735698954,,False
bci,423,0.326171875,-0.11548181049232459,0.9095950232254095,,False
bci,424,0.328125,-0.21247057277110737,0.8346002785493032,,False
bci,425,0.330078125,-0.31375502666194954,0.7580280757374066,,False
bci,426,0.33203125,-0.41675362569443575,0.6827613084258417,,False
bci,427,0.333984375,-0.5191927322744969,0.6112019539672093,,False
bci,428,0.3359375,-0.6191056641258744,0.5451355561494091,,False
bci,429,0.337890625,-0.7147755341111969,0.4857242280378141,,False
bci,430,0.33984375,-0.8047797058264874,0.43351819275127146,,False
bci,431,0.341796875,-0.8880102272355969,0.3885530721725833,,False
bci,432,0.34375,-0.9636076890190118,0.3505212959554732,,False
bci,433,0.345703125,-1.0310931989753833,0.31883677962003926,,False
bci,434,0.34765625,-1.0904149278029742,0.2927376220875071,,False
bci,435,0.349609375,-1.1418966250145377,0.27139840775079827,,False
bci,436,0.3515625,-1.1863537364736263,0.25393409685375,,False
bci,437,0.353515625,-1.2251123335150653,0.2394232478300293,,False
bci,438,0.35546875,-1.2599852535263634,0.22692552008550287,,False
bci,439,0.357421875,-1.293193252276825,0.21550664208765083,,False
bci,440,0.359375,-1.3273301369569324,0.20424877716162276,,False
bci,441,0.361328125,-1.365130743569317,0.19233815185816927,,False
bci,442,0.36328125,-1.4092254673514706,0.17916224505669667,,False
bci,443,0.365234375,-1.4618848315469692,0.16440622744898076,,False
bci,444,0.3671875,-1.5246802361857603,0.14814353030869581,,False
bci,445,0.369140625,-1.5980247869425335,0.13088504754969124,,False
bci,446,0.37109375,-1.681281581523878,0.11340538405117104,,False
bci,447,0.373046875,-1.7724945217138017,0.09661626139675171,,False
bci,448,0.375,-1.8684806918649854,0.08135200751876201,,False
bci,449,0.376953125,-1.9654319208954594,0.06815948946838879,,False
bci,450,0.37890625,-2.0593024881947004,0.0572638141937789,,False
bci,451,0.380859375,-2.146458235629637,0.048599914458015356,3.0,True
bci,452,0.3828125,-2.2242069757313647,0.04191069378553109,3.0,True
bci,453,0.384765625,-2.2910897686095764,0.03685319736680381,3.0,True
bci,454,0.38671875,-2.346740225784327,0.03308714419070376,3.0,True
bci,455,0.388671875,-2.3917599024624683,0.030308949130848806,3.0,True
bci,456,0.390625,-2.427334682857713,0.028271178908699898,3.0,True
bci,457,0.392578125,-2.4549978439458418,0.026777113624475046,3.0,True
bci,458,0.39453125,-2.4765307176607236,0.025666399912222925,3.0,True
bci,459,0.396484375,-2.4937336843097233,0.024810691713183744,3.0,True
bci,460,0.3984375,-2.5082714760349547,0.024108821370131397,3.0,True
bci,461,0.400390625,-2.5216445915455905,0.02347994428309605,3.0,True
bci,462,0.40234375,-2.535216702905036,0.02285774676525963,3.0,True
bci,463,0.404296875,-2.550137648494363,0.02219191246047316,3.0,True
bci,464,0.40625,-2.56721954548087,0.02145243869324925,3.0,True
bci,465,0.408203125,-2.5868825690763337,0.020630458265349906,3.0,True
bci,466,0.41015625,-2.6089943961109534,0.019742214986572627,3.0,True
bci,467,0.412109375,-2.632581770541325,0.018835242005986904,3.0,True
bci,468,0.4140625,-2.6559136072411382,0.01797762191951032,3.0,True
bci,469,0.416015625,-2.676598167747767,0.017248886210619138,3.0,True
bci,470,0.41796875,-2.6918464484285693,0.01673001589074442,3.0,True
bci,471,0.419921875,-2.698873899029331,0.01649599113850325,3.0,True
bci,472,0.421875,-2.695671578788361,0.016602238273177757,3.0,True
bci,473,0.423828125,-2.681447171709952,0.017082221588509774,3.0,True
bci,474,0.42578125,-2.6564575958375696,0.0179580821324554,3.0,True
bci,475,0.427734375,-2.62195907998885,0.01923862845112639,3.0,True
bci,476,0.4296875,-2.5799162254147316,0.020918158447465484,3.0,True
bci,477,0.431640625,-2.532576580581672,0.02297753203538788,3.0,True
bci,478,0.43359375,-2.4820271680401955,0.025389985890757007,3.0,True
bci,479,0.435546875,-2.4301270480540893,0.028116848992426818,3.0,True
bci,480,0.4375,-2.3784551319181064,0.031106176908940467,3.0,True
bci,481,0.439453125,-2.3283627340247195,0.034288834304578485,3.0,True
bci,482,0.44140625,-2.2810146079017395,0.03757664740717439,3.0,True
bci,483,0.443359375,-2.23747026089445,0.040858931710268664,3.0,True
bci,484,0.4453125,-2.198708628938702,0.04400388112179112,3.0,True
bci,485,0.447265625,-2.165694946349721,0.04685842360040885,3.0,True
bci,486,0.44921875,-2.1394544195754452,0.049248694802458574,3.0,True
bci,487,0.451171875,-2.1210502150986312,0.05099184117217706,,False
bci,488,0.453125,-2.111555635260427,0.05191320390236424,,False
bci,489,0.455078125,-2.112065644126895,0.051863324877855416,,False
bci,490,0.45703125,-2.1235353224253934,0.050753186133621245,,False
bci,491,0.458984375,-2.146720264682622,0.04857579610304289,4.0,False
bci,492,0.4609375,-2.182000705042987,0.04542772927520862,4.0,False
bci,493,0.462890625,-2.2290295616812195,0.04152538225040329,4.0,False
bci,494,0.46484375,-2.2865299423328405,0.03717898470153178,4.0,False
bci,495,0.466796875,-2.352185306105036,0.03273878405083919,4.0,False
bci,496,0.46875,-2.422187109244306,0.028557785575554627,4.0,False
bci,497,0.470703125,-2.491345880733338,0.024927819414269886,4.0,False
bci,498,0.47265625,-2.553578108683041,0.02204103943172106,4.0,False
bci,499,0.474609375,-2.602529818667086,0.01999802803798023,4.0,False
bci,500,0.4765625,-2.6326546966409317,0.018832501040136257,4.0,False
bci,501,0.478515625,-2.6401983000809004,0.018551035302181336,4.0,False
bci,502,0.48046875,-2.6237349872219795,0.019170616365467404,4.0,False
bci,503,0.482421875,-2.5842807761442197,0.020737461693154245,4.0,False
bci,504,0.484375,-2.5247997204228505,0.023333873478332743,4.0,False
bci,505,0.486328125,-2.44942331906062,0.027072021724502453,4.0,False
bci,506,0.48828125,-2.3627386365558185,0.032073435858473026,4.0,False
bci,507,0.490234375,-2.2690879034119846,0.038450239976313506,4.0,False
bci,508,0.4921875,-2.172294574498098,0.0462744022807073,4.0,False
bci,509,0.494140625,-2.0755946048486704,0.055543570753263584,,False
bci,510,0.49609375,-1.9816102773544846,0.06615664713309792,,False
bci,511,0.498046875,-1.8924312792385398,0.07789559528882918,,False
bci,512,0.5,-1.8098326030178937,0.09040058392467101,,False
bci,513,0.501953125,-1.735328632418171,0.10317422765206663,,False
bci,514,0.50390625,-1.6701630998273402,0.11561621929853792,,False
bci,515,0.505859375,-1.6154039526980433,0.12705661690379155,,False
bci,516,0.5078125,-1.5718825670715872,0.13682928389754895,,False
bci,517,0.509765625,-1.5401368230375294,0.14435469272569576,,False
bci,518,0.51171875,-1.5204435384156498,0.14919656866370223,,False
bci,519,0.513671875,-1.5126652757458288,0.15114625619672567,,False
bci,520,0.515625,-1.5161798908280297,0.15026265363736008,,False
bci,521,0.517578125,-1.5298304325578966,0.1468718726870169,,False
bci,522,0.51953125,-1.5520747662909167,0.141484671911771,,False
bci,523,0.521484375,-1.5810467955579064,0.13471986737855968,,False
bci,524,0.5234375,-1.6146014390016237,0.1272312647950943,,False
bci,525,0.525390625,-1.6504165420444283,0.11963476508544721,,False
bci,526,0.52734375,-1.6861737105892112,0.11244429667971664,,False
bci,527,0.529296875,-1.7196622516296274,0.10605346151242515,,False
bci,528,0.53125,-1.7488995647049244,0.10073568056452223,,False
bci,529,0.533203125,-1.77217225254048,0.09667151167706016,,False
bci,530,0.53515625,-1.7881257669032717,0.09396962355458416,,False
bci,531,0.537109375,-1.7959408131079369,0.09267056896021222,,False
bci,532,0.5390625,-1.795239088356364,0.09278656070212041,,False
bci,533,0.541015625,-1.786078714001404,0.0943125426185933,,False
bci,534,0.54296875,-1.7689313098116566,0.09722869293992964,,False
bci,535,0.544921875,-1.7446610074489346,0.10149181546187741,,False
bci,536,0.546875,-1.7144745218353206,0.10702223946638549,,False
bci,537,0.548828125,-1.679943884722631,0.11366942061959993,,False
bci,538,0.55078125,-1.642848087154953,0.12120665946712855,,False
bci,539,0.552734375,-1.6051992218231053,0.12929280500278173,,False
bci,540,0.5546875,-1.5692416279736818,0.1374423619988669,,False
bci,541,0.556640625,-1.53736440565909,0.14502820708867506,,False
bci,542,0.55859375,-1.5120526046453706,0.15130073234647917,,False
bci,543,0.560546875,-1.4958105706650617,0.1554444766730485,,False
bci,544,0.5625,-1.4909837499001328,0.15669407172609712,,False
bci,545,0.564453125,-1.4995930022731991,0.15447109377106774,,False
bci,546,0.56640625,-1.5231711445527703,0.14851789813239033,,False
bci,547,0.568359375,-1.5624556323394292,0.13902840091933621,,False
bci,548,0.5703125,-1.6171510630972532,0.12667711093450879,,False
bci,549,0.572265625,-1.6856207708538509,0.11255256918092597,,False
bci,550,0.57421875,-1.7646321732886245,0.09797216138095845,,False
bci,551,0.576171875,-1.8492954994099364,0.08421893788436578,,False
bci,552,0.578125,-1.933210513757295,0.07231274108135655,,False
bci,553,0.580078125,-2.009163817571585,0.06286820787115681,,False
bci,554,0.58203125,-2.0700280601777465,0.05612592539659787,,False
bci,555,0.583984375,-2.110059257058352,0.052059805292717455,,False
bci,556,0.5859375,-2.126006589646647,0.050516882281292384,,False
bci,557,0.587890625,-2.1175061494762613,0.05133398285546211,,False
bci,558,0.58984375,-2.0868574150223,0.05438221569370628,,False
bci,559,0.591796875,-2.038201914051636,0.05956427324729175,,False
bci,560,0.59375,-1.9766457838936966,0.0667654892414738,,False
bci,561,0.595703125,-1.907510726846165,0.07578754455211054,,False
bci,562,0.59765625,-1.8357400495007667,0.08629855682476525,,False
bci,563,0.599609375,-1.7657637334861191,0.0977759920789789,,False
bci,564,0.6015625,-1.7014046369149398,0.10949727135287034,,False
bci,565,0.603515625,-1.645854211003164,0.12058019766470386,,False
bci,566,0.60546875,-1.6017356081311227,0.13005941390999196,,False
bci,567,0.607421875,-1.5711179996130276,0.13700653410352207,,False
bci,568,0.609375,-1.5556224954044422,0.14064112202087536,,False
bci,569,0.611328125,-1.556360651656259,0.14046614581199338,,False
bci,570,0.61328125,-1.5738391264185683,0.1363765809491747,,False
bci,571,0.615234375,-1.6079783740576523,0.12868048849075392,,False
bci,572,0.6171875,-1.6580194624837754,0.11807345823676622,,False
bci,573,0.619140625,-1.7224590203754777,0.1055343664719078,,False
bci,574,0.62109375,-1.799050145424575,0.09215815296189533,,False
bci,575,0.623046875,-1.8847304583796212,0.0789923050377212,,False
bci,576,0.625,-1.9756147390447054,0.0668925714297525,,False
bci,577,0.626953125,-2.067324342834065,0.056410795520692315,,False
bci,578,0.62890625,-2.1551652450007417,0.047804383515172244,5.0,False
bci,579,0.630859375,-2.234483876536986,0.04109357818832825,5.0,False
bci,580,0.6328125,-2.3011763478917726,0.036142025131696454,5.0,False
bci,581,0.634765625,-2.35206686594315,0.03274632458399097,5.0,False
bci,582,0.63671875,-2.3852313693457963,0.03069769714686151,5.0,False
bci,583,0.638671875,-2.400055534604947,0.029821692337240437,5.0,False
bci,584,0.640625,-2.3972989606141515,0.029982775805522267,5.0,False
bci,585,0.642578125,-2.3788486823196324,0.03108231341942709,5.0,False
bci,586,0.64453125,-2.347498444240709,0.03303842714426644,5.0,False
bci,587,0.646484375,-2.3067082880001917,0.035757474634888146,5.0,False
bci,588,0.6484375,-2.260333550970784,0.03910352444682909,5.0,False
bci,589,0.650390625,-2.212598722860002,0.042851862488764346,5.0,False
bci,590,0.65234375,-2.1677926968514436,0.04667205084970539,5.0,False
bci,591,0.654296875,-2.1301748952944686,0.0501206056713229,,False
bci,592,0.65625,-2.1038939891112887,0.05266785200143802,,False
bci,593,0.658203125,-2.092638256070351,0.05379483089001359,,False
bci,594,0.66015625,-2.0993949302059973,0.053115687998934076,,False
bci,595,0.662109375,-2.126115872938651,0.0505064560292678,,False
bci,596,0.6640625,-2.1732743027390344,0.0461882805386658,6.0,False
bci,597,0.666015625,-2.239363833475136,0.04071079798241454,6.0,False
bci,598,0.66796875,-2.320366775600525,0.034824402614277085,6.0,False
bci,599,0.669921875,-2.409796862345144,0.029258984748137203,6.0,False
bci,600,0.671875,-2.499143601607068,0.024547259655105146,6.0,False
bci,601,0.673828125,-2.5790407247291696,0.020954586450295697,6.0,False
bci,602,0.67578125,-2.6409108410653754,0.01852465943028634,6.0,False
bci,603,0.677734375,-2.6785604564356538,0.01718125237779759,6.0,False
bci,604,0.6796875,-2.6891230831116215,0.01682156774287477,6.0,False
bci,605,0.681640625,-2.6727373046265606,0.01738270875221077,6.0,False
bci,606,0.68359375,-2.631638027937212,0.01887074772097013,6.0,False
bci,607,0.685546875,-2.568966681116773,0.021378150137346685,6.0,False
bci,608,0.6875,-2.4880671536073806,0.02508950800198285,6.0,False
bci,609,0.689453125,-2.391944313896802,0.030298036067395496,6.0,False
bci,610,0.69140625,-2.2830608635663414,0.03742864700306211,6.0,False
bci,611,0.693359375,-2.1635143192212203,0.04705289016097826,6.0,False
bci,612,0.6953125,-2.0354593500946407,0.05986940244319143,,False
bci,613,0.697265625,-1.9014096803797313,0.07663419771607674,,False
bci,614,0.69921875,-1.7644767026036265,0.09799914110545047,,False
bci,615,0.701171875,-1.6285320809411181,0.12422866154843323,,False
bci,616,0.703125,-1.498188469793392,0.1548319434604228,,False
bci,617,0.705078125,-1.3783526310858951,0.1883071837012965,,False
bci,618,0.70703125,-1.2736733780101182,0.22216227891120527,,False
bci,619,0.708984375,-1.1880653546596651,0.2532793273368557,,False
bci,620,0.7109375,-1.124273919885201,0.2785672412201093,,False
bci,621,0.712890625,-1.0837828892258274,0.2955747133829156,,False
bci,622,0.71484375,-1.0667409142746243,0.30295796091916233,,False
bci,623,0.716796875,-1.0721549328953768,0.30059787165583485,,False
bci,624,0.71875,-1.098234522940449,0.2894184639079432,,False
bci,625,0.720703125,-1.1425767773636253,0.2711245406051511,,False
bci,626,0.72265625,-1.2022617435030813,0.2478984684059537,,False
bci,627,0.724609375,-1.2739064785725998,0.2220818520182683,,False
bci,628,0.7265625,-1.3537841024866806,0.19585289990115148,,False
bci,629,0.728515625,-1.4378489313122333,0.17101180971824684,,False
bci,630,0.73046875,-1.5218336476588976,0.14885036276351565,,False
bci,631,0.732421875,-1.601379087681683,0.13013854355603335,,False
bci,632,0.734375,-1.6721729935853462,0.1152138215379636,,False
bci,633,0.736328125,-1.7302338885054016,0.1041029628418984,,False
bci,634,0.73828125,-1.7721856229606392,0.09666921887998141,,False
bci,635,0.740234375,-1.7955608540984174,0.09273335843629471,,False
bci,636,0.7421875,-1.798909999759085,0.0921811948195872,,False
bci,637,0.744140625,-1.781957528079336,0.09500627039236019,,False
bci,638,0.74609375,-1.7455423762280922,0.10133417537150137,,False
bci,639,0.748046875,-1.691446336143074,0.1114163879743008,,False
bci,640,0.75,-1.6222907628216223,0.1255663023688795,,False
bci,641,0.751953125,-1.541266898861139,0.14408091768453465,,False
bci,642,0.75390625,-1.452111749120878,0.16706611681392597,,False
bci,643,0.755859375,-1.3588432068779925,0.19427942485434713,,False
bci,644,0.7578125,-1.2657103604784998,0.22492359282312224,,False
bci,645,0.759765625,-1.176995627630198,0.2575369588642585,,False
bci,646,0.76171875,-1.0969269441077578,0.28997153467026876,,False
bci,647,0.763671875,-1.0294647439179252,0.3195762651087304,,False
bci,648,0.765625,-0.9779925510188718,0.3435886019491994,,False
bci,649,0.767578125,-0.944974048290836,0.35964617585697867,,False
bci,650,0.76953125,-0.9315767987310298,0.36630764392217774,,False
bci,651,0.771484375,-0.9375200395517366,0.3633420950933418,,False
bci,652,0.7734375,-0.9610879884758669,0.35174565202685926,,False
bci,653,0.775390625,-0.9993560412300561,0.33347176640713705,,False
bci,654,0.77734375,-1.0486198015806691,0.3109560475084719,,False
bci,655,0.779296875,-1.1049055488671722,0.28660898849748584,,False
bci,656,0.78125,-1.1642661865312776,0.2625003514197513,,False
bci,657,0.783203125,-1.2231392219580448,0.24014607855933867,,False
bci,658,0.78515625,-1.2785258957683212,0.22049274732257304,,False
bci,659,0.787109375,-1.328115389179441,0.20399546035261343,,False
bci,660,0.7890625,-1.3702011701412722,0.19078413246135947,,False
bci,661,0.791015625,-1.4036963026785898,0.18077280921920294,,False
bci,662,0.79296875,-1.4280938985857399,0.17375451138312448,,False
bci,663,0.794921875,-1.4433778622816804,0.16947323481579174,,False
bci,664,0.796875,-1.450061763861453,0.1676285498650768,,False
bci,665,0.798828125,-1.449170821633651,0.16787347650513254,,False
bci,666,0.80078125,-1.4421393545049424,0.16981688556422722,,False
bci,667,0.802734375,-1.4308853885954087,0.17296598672627547,,False
bci,668,0.8046875,-1.417683358294466,0.17672135602022832,,False
bci,669,0.806640625,-1.405056745618203,0.18037543706121725,,False
bci,670,0.80859375,-1.3956790400714982,0.18312914333708663,,False
bci,671,0.810546875,-1.3922123796944565,0.18415576139165837,,False
bci,672,0.8125,-1.397167602844458,0.1826897563498625,,False
bci,673,0.814453125,-1.4126678078022321,0.17816549401632992,,False
bci,674,0.81640625,-1.4402769211730182,0.17033474148454122,,False
bci,675,0.818359375,-1.4808093457928884,0.15935557995208985,,False
bci,676,0.8203125,-1.5342067683857512,0.14579853327491826,,False
bci,677,0.822265625,-1.5993138703220893,0.13059772848773543,,False
bci,678,0.82421875,-1.6738855541984825,0.1148719104542304,,False
bci,679,0.826171875,-1.7546462382479546,0.09971840646436222,,False
bci,680,0.828125,-1.8375962962328949,0.08601110420404229,,False
bci,681,0.830078125,-1.9184779144013255,0.07428672527498684,,False
bci,682,0.83203125,-1.9933443491630156,0.06473757023848077,,False
bci,683,0.833984375,-2.0591217773430674,0.05728316579402445,,False
bci,684,0.8359375,-2.113824410416914,0.051691655458924166,,False
bci,685,0.837890625,-2.156562030951056,0.04767789096774156,7.0,False
bci,686,0.83984375,-2.1874379015841843,0.04495974264047758,7.0,False
bci,687,0.841796875,-2.207147415942811,0.04330059740116782,7.0,False
bci,688,0.84375,-2.216638867171967,0.04252208699135857,7.0,False
bci,689,0.845703125,-2.21679677420218,0.04250924598820426,7.0,False
bci,690,0.84765625,-2.208357850620582,0.04320058212055417,7.0,False
bci,691,0.849609375,-2.1917914019320373,0.04458826229488091,7.0,False
bci,692,0.8515625,-2.167295066239303,0.04671620014620677,7.0,False
bci,693,0.853515625,-2.134775741644925,0.049686540547250864,7.0,False
bci,694,0.85546875,-2.093952614921634,0.05366209663390314,,False
bci,695,0.857421875,-2.044516711185376,0.05886710364617383,,False
bci,696,0.859375,-1.9863030639771124,0.06558576352638332,,False
bci,697,0.861328125,-1.9195918185607543,0.07413579757866325,,False
bci,698,0.86328125,-1.845289927059089,0.08482875854572496,,False
bci,699,0.865234375,-1.7651426278547018,0.09788362521756924,,False
bci,700,0.8671875,-1.6817722583341506,0.11330866705120349,,False
bci,701,0.869140625,-1.5985403126165794,0.13077007916960098,,False
bci,702,0.87109375,-1.5192435067163275,0.1494959802639851,,False
bci,703,0.873046875,-1.4475486028148656,0.16832019697783457,,False
bci,704,0.875,-1.386505855593175,0.185855915888445,,False
bci,705,0.876953125,-1.338281016643956,0.20073880238497718,,False
bci,706,0.87890625,-1.3040058307015707,0.2118885874115385,,False
bci,707,0.880859375,-1.283844477335989,0.21867427310943383,,False
bci,708,0.8828125,-1.277154379364809,0.2209636157601097,,False
bci,709,0.884765625,-1.2825995906557317,0.21909884422523726,,False
bci,710,0.88671875,-1.2984267143520198,0.21374936237398673,,False
bci,711,0.888671875,-1.3226142254313675,0.2057754059395477,,False
bci,712,0.890625,-1.3531190964846247,0.1960604924946955,,False
bci,713,0.892578125,-1.387991962613299,0.18541193029278139,,False
bci,714,0.89453125,-1.4254722342229145,0.17449775734807696,,False
bci,715,0.896484375,-1.4641938902740335,0.16378294107316688,,False
bci,716,0.8984375,-1.503258129202981,0.15353277139130922,,False
bci,717,0.900390625,-1.542168979351819,0.14386269229354934,,False
bci,718,0.90234375,-1.580883382563138,0.13475723784343954,,False
bci,719,0.904296875,-1.6198566757507815,0.12609131870297852,,False
bci,720,0.90625,-1.6598724784244783,0.11769560925418772,,False
bci,721,0.908203125,-1.7020010599816062,0.10938325053077716,,False
bci,722,0.91015625,-1.747555935701372,0.10097483944373628,,False
bci,723,0.912109375,-1.7979891659705356,0.09233271926375804,,False
bci,724,0.9140625,-1.8548149894793433,0.08338503755170194,,False
bci,725,0.916015625,-1.9194221708428518,0.07415876604958248,,False
bci,726,0.91796875,-1.9929313302918972,0.0647870460137511,,False
bci,727,0.919921875,-2.075949767931338,0.05550660348606113,,False
bci,728,0.921875,-2.16826870136527,0.046629856381484584,8.0,False
bci,729,0.923828125,-2.2684091563057174,0.038500523329263375,8.0,False
bci,730,0.92578125,-2.373299538381113,0.0314203963691881,8.0,False
bci,731,0.927734375,-2.478032673079262,0.025590584061340762,8.0,False
bci,732,0.9296875,-2.576192204759878,0.02107352966319475,8.0,False
bci,733,0.931640625,-2.6608263487200543,0.017801899506248716,8.0,False
bci,734,0.93359375,-2.725770673794419,0.015629182610687447,8.0,False
bci,735,0.935546875,-2.7672407318214907,0.014378509330926114,8.0,False
bci,736,0.9375,-2.784755477473946,0.013879957108671867,8.0,False
bci,737,0.939453125,-2.7811071629018764,0.013982401371373326,8.0,False
bci,738,0.94140625,-2.7610483924145557,0.014558897105024548,8.0,False
bci,739,0.943359375,-2.729893205255508,0.015500282211844157,8.0,False
bci,740,0.9453125,-2.692419763533481,0.016710804079510498,8.0,False
bci,741,0.947265625,-2.652174220338114,0.018112494387753742,8.0,False
bci,742,0.94921875,-2.6113145417369434,0.019651172413741997,8.0,False
bci,743,0.951171875,-2.5706246158078305,0.021307882453714067,8.0,False
bci,744,0.953125,-2.5297098472576245,0.023108278364281292,8.0,False
bci,745,0.955078125,-2.4872023803691414,0.025132320071309906,8.0,False
bci,746,0.95703125,-2.441045466927425,0.027521043388833814,8.0,False
bci,747,0.958984375,-2.38882692260875,0.030483016929687867,8.0,False
bci,748,0.9609375,-2.3281607304825296,0.034302268564286,8.0,False
bci,749,0.962890625,-2.25728189067391,0.03933368084184682,8.0,False
bci,750,0.96484375,-2.1757726342141877,0.04596934016922057,8.0,False
bci,751,0.966796875,-2.085045845740825,0.054567496380519054,,False
bci,752,0.96875,-1.9883880301618735,0.06533356263164203,,False
bci,753,0.970703125,-1.8904346308174718,0.07817862845883333,,False
bci,754,0.97265625,-1.7964794494450216,0.09258162196808548,,False
bci,755,0.974609375,-1.711523785008534,0.10757671160600124,,False
bci,756,0.9765625,-1.6395630774137477,0.12189444532549247,,False
bci,757,0.978515625,-1.5831966957956833,0.13422903406415276,,False
bci,758,0.98046875,-1.5433630735520862,0.14357425442175423,,False
bci,759,0.982421875,-1.5193193547370911,0.14947704100362993,,False
bci,760,0.984375,-1.508755923537737,0.15213421949795747,,False
bci,761,0.986328125,-1.5081509132334328,0.15228759949737303,,False
bci,762,0.98828125,-1.5131938416230335,0.15101309238033597,,False
bci,763,0.990234375,-1.5195523898791266,0.14941886471968996,,False
bci,764,0.9921875,-1.5236834824847887,0.1483907107606141,,False
bci,765,0.994140625,-1.5232533128824053,0.14849749375348512,,False
bci,766,0.99609375,-1.5172776785151887,0.14998755201115974,,False
bci,767,0.998046875,-1.5058313323437298,0.1528768534755004,,False
control,256,0.0,0.13964336092935914,0.8907995212527291,,False
control,257,0.001953125,0.004408188216649473,0.9965408787714851,,False
control,258,0.00390625,-0.11671975847835893,0.9086305531061452,,False
control,259,0.005859375,-0.2221360790208283,0.8272040588906651,,False
control,260,0.0078125,-0.3110399500936576,0.7600508977030487,,False
control,261,0.009765625,-0.38314534042396486,0.7069873109077254,,False
control,262,0.01171875,-0.4384270250950564,0.6673253140389933,,False
control,263,0.013671875,-0.4770390403702551,0.6402100153036218,,False
control,264,0.015625,-0.4991655307754546,0.6249039442611489,,False
control,265,0.017578125,-0.5047738779831419,0.6210521476769711,,False
control,266,0.01953125,-0.4934523485248923,0.6288393909546357,,False
control,267,0.021484375,-0.46415001782758947,0.6492050857932756,,False
control,268,0.0234375,-0.4149728004131631,0.6840362787026892,,False
control,269,0.025390625,-0.3430855064207868,0.736295137732451,,False
control,270,0.02734375,-0.2448151381695862,0.8099170514752916,,False
control,271,0.029296875,-0.11622474291734634,0.9090161959373726,,False
control,272,0.03125,0.04455287711567346,0.9650514081596269,,False
control,273,0.033203125,0.23257563495140984,0.8192344867692635,,False
control,274,0.03515625,0.4315890773914305,0.6721790459392077,,False
control,275,0.037109375,0.6160217338619516,0.5471151593666572,,False
control,276,0.0390625,0.7635578082431559,0.45697331932521335,,False
control,277,0.041015625,0.866760279088647,0.3997264255798788,,False
control,278,0.04296875,0.9320439282176433,0.3660739552098691,,False
control,279,0.044921875,0.9711110697247572,0.3468929661737483,,False
control,280,0.046875,0.9947174291104007,0.33565023212490397,,False
control,281,0.048828125,1.0107747121127464,0.3281520497242739,,False
control,282,0.05078125,1.0246005345761005,0.3217924766879014,,False
control,283,0.052734375,1.039532559543936,0.31502423318205075,,False
control,284,0.0546875,1.0574704449991175,0.30703064267662494,,False
control,285,0.056640625,1.0792531867827972,0.29752408813525916,,False
control,286,0.05859375,1.10491124104232,0.286606599957632,,False
control,287,0.060546875,1.133394064222182,0.2748396504890095,,False
control,288,0.0625,1.162500273168093,0.26319462287109163,,False
control,289,0.064453125,1.1891864056915895,0.2528511787278658,,False
control,290,0.06640625,1.2098382192374588,0.24506306016245086,,False
control,291,0.068359375,1.2208268213468763,0.2409953607242051,,False
control,292,0.0703125,1.2193280148761292,0.24154707584607457,,False
control,293,0.072265625,1.2037134942355643,0.24735321560557014,,False
control,294,0.07421875,1.1736957106139374,0.25881670634445075,,False
control,295,0.076171875,1.1299150831263105,0.27625713119437073,,False
control,296,0.078125,1.0736692078667591,0.2999401888899168,,False
control,297,0.080078125,1.0064025460479864,0.3301817413941831,,False
control,298,0.08203125,0.9295583637465408,0.36731857609971197,,False
control,299,0.083984375,0.8444310705404253,0.4116945984997097,,False
control,300,0.0859375,0.7525197986432093,0.4633852220920528,,False
control,301,0.087890625,0.655602632283085,0.522008943287007,,False
control,302,0.08984375,0.555959029968851,0.586436838504369,,False
control,303,0.091796875,0.45621599304780125,0.6547704327435138,,False
control,304,0.09375,0.3592401592263064,0.7244223000575027,,False
control,305,0.095703125,0.2678972596652244,0.7924272562014603,,False
control,306,0.09765625,0.18470655851324033,0.8559333122178473,,False
control,307,0.099609375,0.11154727539930105,0.9126613396172607,,False
control,308,0.1015625,0.049709371154368784,0.961009869995606,,False
control,309,0.103515625,-0.0002038724945101092,0.9998400199651079,,False
control,310,0.10546875,-0.03808161300057038,0.9701248196304211,,False
control,311,0.107421875,-0.06409277741165241,0.9497426942306959,,False
control,312,0.109375,-0.07865307145660984,0.9383482401971153,,False
control,313,0.111328125,-0.0822088179379469,0.935567633157562,,False
control,314,0.11328125,-0.0752571448168245,0.9410046422486587,,False
control,315,0.115234375,-0.05815008947550663,0.9543966708932028,,False
control,316,0.1171875,-0.03108902064340201,0.9756084399629202,,False
control,317,0.119140625,0.005776676120298917,0.9954670325985607,,False
control,318,0.12109375,0.05223764420493276,0.9590286658385054,,False
control,319,0.123046875,0.10763609564372002,0.9157108763793007,,False
control,320,0.125,0.17009605586781648,0.8672075322986564,,False
control,321,0.126953125,0.23588948754398784,0.8167089405787056,,False
control,322,0.12890625,0.29894400821456,0.7690845884065046,,False
control,323,0.130859375,0.3522326022108641,0.7295637349831621,,False
control,324,0.1328125,0.3904157202459613,0.7017176295626818,,False
control,325,0.134765625,0.41226584901094304,0.6859762056200781,,False
control,326,0.13671875,0.420665529916388,0.6799641126097508,,False
control,327,0.138671875,0.42019818335620834,0.6802980330986381,,False
control,328,0.140625,0.41513133011466113,0.6839227400399739,,False
control,329,0.142578125,0.4087741534778368,0.6884818891067852,,False
control,330,0.14453125,0.40324284674382693,0.6924589402277139,,False
control,331,0.146484375,0.3995488554639585,0.6951201733109011,,False
control,332,0.1484375,0.3980191017967145,0.6962234582762417,,False
control,333,0.150390625,0.39851873324607345,0.695863037274732,,False
control,334,0.15234375,0.4003689832941922,0.694528975678411,,False
control,335,0.154296875,0.402391617541367,0.6930718151027542,,False
control,336,0.15625,0.4031060540045891,0.6925574144108695,,False
control,337,0.158203125,0.40075744809010283,0.6942490182807466,,False
control,338,0.16015625,0.39339773412346524,0.699560767937671,,False
control,339,0.162109375,0.3790664257795725,0.7099505856082176,,False
control,340,0.1640625,0.35591769760273023,0.7268582952605586,,False
control,341,0.166015625,0.32251880953592355,0.7515112919585576,,False
control,342,0.16796875,0.2779322302633384,0.7848587132056839,,False
control,343,0.169921875,0.22181878374470504,0.8274465950186687,,False
control,344,0.171875,0.15458500516692478,0.879209291872993,,False
control,345,0.173828125,0.07743227835845698,0.9393030980749821,,False
control,346,0.17578125,-0.007640618802640807,0.9940044203185654,,False
control,347,0.177734375,-0.0980990186883964,0.923152549540244,,False
control,348,0.1796875,-0.19104539006892515,0.8510518546666048,,False
control,349,0.181640625,-0.28329034429522876,0.7808266471787235,,False
control,350,0.18359375,-0.3716496688986443,0.7153511396788359,,False
control,351,0.185546875,-0.45311140983335174,0.6569539478816917,,False
control,352,0.1875,-0.5248834349612866,0.6073354698565081,,False
control,353,0.189453125,-0.5842807597715529,0.5677155624204784,,False
control,354,0.19140625,-0.6287174420113514,0.5389909105587352,,False
control,355,0.193359375,-0.6555219306087209,0.5220594612667989,,False
control,356,0.1953125,-0.6622119891576701,0.5178810135229341,,False
control,357,0.197265625,-0.646589831836958,0.5276679040035642,,False
control,358,0.19921875,-0.6072559484255816,0.5527633476798708,,False
control,359,0.201171875,-0.5437876309259055,0.5945784138781838,,False
control,360,0.203125,-0.45750093602301983,0.6538676571278802,,False
control,361,0.205078125,-0.3514809345550059,0.730116034856639,,False
control,362,0.20703125,-0.23027241427115772,0.8209910331141546,,False
control,363,0.208984375,-0.09943995023418334,0.922105770840429,,False
control,364,0.2109375,0.03538611745852732,0.9722384697465973,,False
control,365,0.212890625,0.16916406074510335,0.8679277475897429,,False
control,366,0.21484375,0.2976388817023829,0.7700614010118657,,False
control,367,0.216796875,0.41725267722322734,0.6824041944980324,,False
control,368,0.21875,0.5248578371924514,0.6073528349978426,,False
control,369,0.220703125,0.6171977451883458,0.5463598043076778,,False
control,370,0.22265625,0.6905147581008191,0.5004166636314842,,False
control,371,0.224609375,0.7406114266239824,0.47036435425804,,False
control,372,0.2265625,0.7634388705474063,0.4570421154303912,,False
control,373,0.228515625,0.7568740676358675,0.4608492762185894,,False
control,374,0.23046875,0.7219930418680549,0.4814033807908332,,False
control,375,0.232421875,0.6637527989614926,0.5169213696185088,,False
control,376,0.234375,0.5898293412853595,0.5640850605825249,,False
control,377,0.236328125,0.5085509446066749,0.6184644991810264,,False
control,378,0.23828125,0.4269859488735297,0.6754549758716704,,False
control,379,0.240234375,0.350091657255339,0.7311372348285821,,False
control,380,0.2421875,0.28072586259270776,0.7827556577199499,,False
control,381,0.244140625,0.22011199505802373,0.8287515515074397,,False
control,382,0.24609375,0.16840703378987507,0.8685128422277909,,False
control,383,0.248046875,0.1251671802369511,0.9020533145269032,,False
control,384,0.25,0.08963395453577862,0.9297639858912078,,False
control,385,0.251953125,0.061019833467017025,0.9521490249615877,,False
control,386,0.25390625,0.03847923227049947,0.9698130490213575,,False
control,387,0.255859375,0.021301067191447646,0.9832862660277868,,False
control,388,0.2578125,0.008916794643482329,0.9930030337403846,,False
control,389,0.259765625,0.0008250723084815978,0.9993525606187448,,False
control,390,0.26171875,-0.0032469204401530567,0.9974521257669107,,False
control,391,0.263671875,-0.0033684615489566476,0.9973567522465807,,False
control,392,0.265625,0.0005259923161450526,0.9995872505225631,,False
control,393,0.267578125,0.008548853829710342,0.9932917474795745,,False
control,394,0.26953125,0.020942180817605235,0.9835678194363155,,False
control,395,0.271484375,0.03801825320001535,0.970174500092543,,False
control,396,0.2734375,0.05999009842825571,0.9529554885937154,,False
control,397,0.275390625,0.08693157772303432,0.9318757633450105,,False
control,398,0.27734375,0.11881045893166158,0.9070020519674703,,False
control,399,0.279296875,0.15536450555635123,0.8786053919419534,,False
control,400,0.28125,0.1961266464182519,0.8471433702573371,,False
control,401,0.283203125,0.24034452420760313,0.8133169874566007,,False
control,402,0.28515625,0.2870159657905118,0.7780268753162697,,False
control,403,0.287109375,0.3348823927025537,0.7423509205850283,,False
control,404,0.2890625,0.38248789377962694,0.7074646074402895,,False
control,405,0.291015625,0.42823092000742163,0.6745682889384266,,False
control,406,0.29296875,0.4704323828189338,0.6448135466020997,,False
control,407,0.294921875,0.5075402303817076,0.6191564250786181,,False
control,408,0.296875,0.5381568415651068,0.5983640939024604,,False
control,409,0.298828125,0.5611371314057793,0.582990503029642,,False
control,410,0.30078125,0.5756816199276555,0.5733663491756467,,False
control,411,0.302734375,0.5813333777229945,0.569649073958525,,False
control,412,0.3046875,0.5778076246215262,0.5719665454007332,,False
control,413,0.306640625,0.5650521981373181,0.5803917239282113,,False
control,414,0.30859375,0.5432526189791657,0.5949375927497187,,False
control,415,0.310546875,0.5127340285739068,0.6156047677624876,,False
control,416,0.3125,0.4740922721047195,0.6422614578642821,,False
control,417,0.314453125,0.4282298418951943,0.6745690565706873,,False
control,418,0.31640625,0.3764330585451742,0.7118662665287507,,False
control,419,0.318359375,0.3205543811653006,0.7529703710493346,,False
control,420,0.3203125,0.2629025748794587,0.7962024398124757,,False
control,421,0.322265625,0.2060143425224942,0.8395497535032895,,False
control,422,0.32421875,0.15242854439148923,0.8808803626878889,,False
control,423,0.326171875,0.10428226623949484,0.918326940353285,,False
control,424,0.328125,0.06302631166848664,0.9505777557094608,,False
control,425,0.330078125,0.029330767703376726,0.976987480600406,,False
control,426,0.33203125,0.00302823116491476,0.9976237317231926,,False
control,427,0.333984375,-0.01679285253467609,0.9868232029859254,,False
control,428,0.3359375,-0.031615032584018064,0.9751958913947825,,False
control,429,0.337890625,-0.04337539265491251,0.9659744356747367,,False
control,430,0.33984375,-0.054457967537427765,0.9572890067687194,,False
control,431,0.341796875,-0.06752454241476373,0.9470559798372077,,False
control,432,0.34375,-0.08539345752048061,0.9330779675437602,,False
control,433,0.345703125,-0.11074937321836209,0.9132833483806077,,False
control,434,0.34765625,-0.14566273634443344,0.8861270398775296,,False
control,435,0.349609375,-0.19100335532499502,0.851084204630615,,False
control,436,0.3515625,-0.24635794887009907,0.8087446458327648,,False
control,437,0.353515625,-0.3101430499065562,0.7607195167321517,,False
control,438,0.35546875,-0.3800660010980634,0.7092239582424116,,False
control,439,0.357421875,-0.4536289434453758,0.656589731087956,,False
control,440,0.359375,-0.5284623105958358,0.6049100236929926,,False
control,441,0.361328125,-0.6025091511847404,0.5558350385809739,,False
control,442,0.36328125,-0.6737978835269898,0.5106900767486835,,False
control,443,0.365234375,-0.7403878516645553,0.4704959943626059,,False
control,444,0.3671875,-0.8004453615052594,0.4359478028444067,,False
control,445,0.369140625,-0.8520793733314577,0.40756902694038033,,False
control,446,0.37109375,-0.8934394296858612,0.3857322859553135,,False
control,447,0.373046875,-0.9228869598782882,0.3706735687684851,,False
control,448,0.375,-0.9390450740554203,0.36258381256268524,,False
control,449,0.376953125,-0.940980339208402,0.3616231277068638,,False
control,450,0.37890625,-0.92831444293827,0.36794254689592,,False
control,451,0.380859375,-0.9013550578279375,0.38164442823973554,,False
control,452,0.3828125,-0.8612178613686862,0.4026753873827864,,False
control,453,0.384765625,-0.8097658191521852,0.4307339345506881,,False
control,454,0.38671875,-0.7494977409526602,0.465150312589486,,False
control,455,0.388671875,-0.6835163144950928,0.5047028277256607,,False
control,456,0.390625,-0.615483031695135,0.5474613593618523,,False
control,457,0.392578125,-0.5495169791055995,0.590738897061543,,False
control,458,0.39453125,-0.4898430567600438,0.6313316190361412,,False
control,459,0.396484375,-0.44037697444513546,0.6659439910208242,,False
control,460,0.3984375,-0.40440031132171983,0.691625935689584,,False
control,461,0.400390625,-0.3841549467065182,0.7062545989844606,,False
control,462,0.40234375,-0.380640291584556,0.708806617612987,,False
control,463,0.404296875,-0.3935055965281343,0.6994828020399649,,False
control,464,0.40625,-0.4211872704378359,0.6795914092291431,,False
control,465,0.408203125,-0.46118636401922236,0.651281448173129,,False
control,466,0.41015625,-0.5104557380806948,0.6171615084672433,,False
control,467,0.412109375,-0.5655193107389854,0.5800820595876346,,False
control,468,0.4140625,-0.6227745025898502,0.5427856110063769,,False
control,469,0.416015625,-0.6788094228868786,0.507597506367637,,False
control,470,0.41796875,-0.7304362907026205,0.47637811411633757,,False
control,471,0.419921875,-0.7747363154882559,0.45053610930446597,,False
control,472,0.421875,-0.8092741082313654,0.431007997870932,,False
control,473,0.423828125,-0.8323292689981581,0.41827802427457217,,False
control,474,0.42578125,-0.842537118076141,0.4127204222215868,,False
control,475,0.427734375,-0.8393059176818979,0.41447439227692306,,False
control,476,0.4296875,-0.8226547652465002,0.42358988021905664,,False
control,477,0.431640625,-0.7932894967503656,0.43997790932936653,,False
control,478,0.43359375,-0.7525146858139424,0.46338820485899224,,False
control,479,0.435546875,-0.702129671759882,0.49335035166164476,,False
control,480,0.4375,-0.6443785927759914,0.5290615510643528,,False
control,481,0.439453125,-0.5820508707996489,0.5691780725303069,,False
control,482,0.44140625,-0.5181166282358888,0.6119344513921977,,False
control,483,0.443359375,-0.45577282376915634,0.655081923974602,,False
control,484,0.4453125,-0.39820179011292417,0.6960916629455343,,False
control,485,0.447265625,-0.3482260718727758,0.7325093755968943,,False
control,486,0.44921875,-0.30809157118362596,0.7622495886182077,,False
control,487,0.451171875,-0.2791153187173742,0.7839678678412471,,False
control,488,0.453125,-0.26158900332835905,0.7971961685253145,,False
control,489,0.455078125,-0.25470577585525417,0.8024092822772386,,False
control,490,0.45703125,-0.2567615079061279,0.800851314784655,,False
control,491,0.458984375,-0.2655804719130375,0.7941777167567777,,False
control,492,0.4609375,-0.278742480890143,0.7842485747223551,,False
control,493,0.462890625,-0.2938046231889577,0.7729334464138139,,False
control,494,0.46484375,-0.3084671795058996,0.761969368594706,,False
control,495,0.466796875,-0.3206685925514014,0.7528855138368029,,False
control,496,0.46875,-0.3286485048507251,0.7469647777080175,,False
control,497,0.470703125,-0.330895596364154,0.7453004849969712,,False
control,498,0.47265625,-0.3261652888904445,0.7488054686290607,,False
control,499,0.474609375,-0.31343437574626515,0.7582668765079636,,False
control,500,0.4765625,-0.2918688543572357,0.7743847378440746,,False
control,501,0.478515625,-0.26097781892861,0.7976586587499888,,False
control,502,0.48046875,-0.22059258034020218,0.8283840583483686,,False
control,503,0.482421875,-0.17084333353984593,0.8666301483652529,,False
control,504,0.484375,-0.11238851973668718,0.9120056071548441,,False
control,505,0.486328125,-0.046458262222082575,0.9635578908975223,,False
control,506,0.48828125,0.025284334862002596,0.9801614771957079,,False
control,507,0.490234375,0.10070604467805526,0.9211175491547503,,False
control,508,0.4921875,0.17734071314353272,0.8616132923844917,,False
control,509,0.494140625,0.2527673857323902,0.803879114384663,,False
control,510,0.49609375,0.32481572310449675,0.7498065013558173,,False
control,511,0.498046875,0.3916915936331192,0.7007944770480146,,False
control,512,0.5,0.4521818647175432,0.6576083454240291,,False
control,513,0.501953125,0.5055851165480678,0.6204959346975132,,False
control,514,0.50390625,0.5516728941216971,0.589297375843687,,False
control,515,0.505859375,0.5906101432481635,0.5635751635940958,,False
control,516,0.5078125,0.6228612855262973,0.5427300926955945,,False
control,517,0.509765625,0.6490735781994704,0.5261049716213664,,False
control,518,0.51171875,0.6699212447416244,0.5130897428001684,,False
control,519,0.513671875,0.6861135991934885,0.5031096464066234,,False
control,520,0.515625,0.698345079514058,0.49564634335517443,,False
control,521,0.517578125,0.7072224806267227,0.4902706396683929,,False
control,522,0.51953125,0.713136216785661,0.4867088412613819,,False
control,523,0.521484375,0.7162688903545605,0.48482831774555135,,False
control,524,0.5234375,0.7165350746980276,0.48466872928760396,,False
control,525,0.525390625,0.7135692459612448,0.4864486380434876,,False
control,526,0.52734375,0.7067821526203438,0.49053646297805953,,False
control,527,0.529296875,0.6953288338469763,0.4974806995150123,,False
control,528,0.53125,0.6782247553897721,0.5079577394862531,,False
control,529,0.533203125,0.6544297318125939,0.5227434330346907,,False
control,530,0.53515625,0.6229282792896599,0.5426872363977483,,False
control,531,0.537109375,0.5829740236619789,0.5685723666268936,,False
control,532,0.5390625,0.5341817378473844,0.6010438720681336,,False
control,533,0.541015625,0.4767530154505086,0.6404090039254273,,False
control,534,0.54296875,0.4116723619099491,0.6864018317876628,,False
control,535,0.544921875,0.3406982975948694,0.73805560479362,,False
control,536,0.546875,0.2663508998523958,0.7935954886869145,,False
control,537,0.548828125,0.1917750486369024,0.850490353093978,,False
control,538,0.55078125,0.12058608352533443,0.9056193098234463,,False
control,539,0.552734375,0.05645985425747719,0.9557206883419642,,False
control,540,0.5546875,0.0028521497612008515,0.9977619032772875,,False
control,541,0.556640625,-0.03733256715168213,0.9707121551035578,,False
control,542,0.55859375,-0.06196245879423275,0.951410830904037,,False
control,543,0.560546875,-0.06978359603599678,0.9452877364779253,,False
control,544,0.5625,-0.06037549320167307,0.9526536504379424,,False
control,545,0.564453125,-0.034097667649035206,0.9732488737744642,,False
control,546,0.56640625,0.008183423704658572,0.9935784921044684,,False
control,547,0.568359375,0.06512994874145253,0.9489306291654483,,False
control,548,0.5703125,0.13507265593559228,0.894350291738063,,False
control,549,0.572265625,0.2160317170395186,0.831873308457873,,False
control,550,0.57421875,0.30576743840923876,0.7639842549569407,,False
control,551,0.576171875,0.4016758903047013,0.6935873016657097,,False
control,552,0.578125,0.5007551056603806,0.6238110743345058,,False
control,553,0.580078125,0.5997466330669392,0.5576269070605333,,False
control,554,0.58203125,0.6952177621264889,0.49754832477438937,,False
control,555,0.583984375,0.7838837985405556,0.4453108148560656,,False
control,556,0.5859375,0.8630368608435262,0.40170596809584713,,False
control,557,0.587890625,0.9308388556954599,0.36667702026706306,,False
control,558,0.58984375,0.9864507134415831,0.33955758752428056,,False
control,559,0.591796875,1.0300164552897788,0.3193255931690897,,False
control,560,0.59375,1.0623932807610676,0.30486300003710337,,False
control,561,0.595703125,1.084913284873724,0.29508971616546054,,False
control,562,0.59765625,1.0990780102428388,0.28906210719127357,,False
control,563,0.599609375,1.1062790011697985,0.2860330925138512,,False
control,564,0.6015625,1.1076988951780369,0.28543862980596546,,False
control,565,0.603515625,1.1042386425136104,0.2868889370669569,,False
control,566,0.60546875,1.0966596391519627,0.29008469398733305,,False
control,567,0.607421875,1.0856287304916317,0.29478305743472794,,False
control,568,0.609375,1.071822114183903,0.30074256401327926,,False
control,569,0.611328125,1.0560001621931234,0.3076802208172852,,False
control,570,0.61328125,1.0391063364804896,0.3152159878141879,,False
control,571,0.615234375,1.0222233600645305,0.322879570299776,,False
control,572,0.6171875,1.006423018554745,0.3301722166012092,,False
control,573,0.619140625,0.9926317168378889,0.33663304595597066,,False
control,574,0.62109375,0.9814106257750023,0.34195556529277993,,False
control,575,0.623046875,0.9730345308650038,0.3459671160573705,,False
control,576,0.625,0.9673641340000655,0.34870152665471355,,False
control,577,0.626953125,0.9638632133156947,0.35039729986219303,,False
control,578,0.62890625,0.9616482302519661,0.3514731652200265,,False
control,579,0.630859375,0.9594568728714243,0.3525398232444312,,False
control,580,0.6328125,0.9557473865444988,0.3543505831860837,,False
control,581,0.634765625,0.9488282221029094,0.35774540484794015,,False
control,582,0.63671875,0.9369640808142382,0.3636188025849856,,False
control,583,0.638671875,0.9185981548414963,0.3728414172764086,,False
control,584,0.640625,0.8925435269213009,0.3861968073837744,,False
control,585,0.642578125,0.8582339997249119,0.40426895462863244,,False
control,586,0.64453125,0.8158466321771092,0.427353912265636,,False
control,587,0.646484375,0.7662859983027149,0.45539703764753325,,False
control,588,0.6484375,0.7110188111329643,0.48798236422223673,,False
control,589,0.650390625,0.6518735686871769,0.5243461704882545,,False
control,590,0.65234375,0.5909048236130756,0.5633827884306016,,False
control,591,0.654296875,0.5301202223512479,0.603788062506344,,False
control,592,0.65625,0.47143079406952276,0.644116881691384,,False
control,593,0.658203125,0.41657359280731376,0.6828901565384715,,False
control,594,0.66015625,0.3671212766039697,0.7186562784502297,,False
control,595,0.662109375,0.3244189142332585,0.7501009205925592,,False
control,596,0.6640625,0.2896696963965771,0.7760345535734718,,False
control,597,0.666015625,0.2639434140874126,0.7954152941928199,,False
control,598,0.66796875,0.24802335655209443,0.8074796081541413,,False
control,599,0.669921875,0.24242594365903827,0.811733564820825,,False
control,600,0.671875,0.24729772276994122,0.8080307289406412,,False
control,601,0.673828125,0.26228040601703184,0.7966730708525005,,False
control,602,0.67578125,0.28656599243079756,0.7783648585508902,,False
control,603,0.677734375,0.31887916410217043,0.7542154078808818,,False
control,604,0.6796875,0.3574562400310538,0.7257298710489186,,False
control,605,0.681640625,0.40028240533507564,0.6945913766313465,,False
control,606,0.68359375,0.44537039050739907,0.6624124114929779,,False
control,607,0.685546875,0.49093733491367153,0.6305755260735137,,False
control,608,0.6875,0.5355918695548896,0.6000925612765957,,False
control,609,0.689453125,0.5783723898564374,0.5715949940052267,,False
control,610,0.69140625,0.6187145354513264,0.545386408013502,,False
control,611,0.693359375,0.6563266100184293,0.5215558685799643,,False
control,612,0.6953125,0.6911477564430493,0.5000300386593037,,False
control,613,0.697265625,0.7232322283179812,0.48066385281880575,,False
control,614,0.69921875,0.7526637557283871,0.46330124399375994,,False
control,615,0.701171875,0.7795341007822552,0.447790720077873,,False
control,616,0.703125,0.8038944374009522,0.434013726040104,,False
control,617,0.705078125,0.8257533528096539,0.42188385726632627,,False
control,618,0.70703125,0.8450325788848196,0.41136915203777735,,False
control,619,0.708984375,0.8615822272375298,0.4024810781510205,,False
control,620,0.7109375,0.8752432652406776,0.3952406759318743,,False
control,621,0.712890625,0.8858055021596983,0.3897024997030266,,False
control,622,0.71484375,0.8930628223590414,0.38592750925126396,,False
control,623,0.716796875,0.8967028090732856,0.3840434218686738,,False
control,624,0.71875,0.8964083741789304,0.3841955927941406,,False
control,625,0.720703125,0.8917750309421719,0.38659556888486113,,False
control,626,0.72265625,0.8823174960743905,0.3915256142106176,,False
control,627,0.724609375,0.8675112710601016,0.3993279483065806,,False
control,628,0.7265625,0.8467005126247056,0.41046759636460584,,False
control,629,0.728515625,0.8191869370499859,0.42550446996321256,,False
control,630,0.73046875,0.7842489424966503,0.44510302764324017,,False
control,631,0.732421875,0.7412552419583466,0.46998540347637763,,False
control,632,0.734375,0.6897261089886483,0.5008986020043147,,False
control,633,0.736328125,0.6294558742941024,0.538520430643971,,False
control,634,0.73828125,0.5606909252713365,0.5832870694173298,,False
control,635,0.740234375,0.4840491006031274,0.6353420373087826,,False
control,636,0.7421875,0.4007188052723733,0.6942768651867757,,False
control,637,0.744140625,0.3123392512195734,0.7590826484783154,,False
control,638,0.74609375,0.22099118330585513,0.8280792867117733,,False
control,639,0.748046875,0.12907149596002046,0.8990158520165868,,False
control,640,0.75,0.039101435728994736,0.9693251936820468,,False
control,641,0.751953125,-0.04645004798761111,0.9635643292454705,,False
control,642,0.75390625,-0.12529127473816679,0.9019567474285174,,False
control,643,0.755859375,-0.19539195288435612,0.8477082401982354,,False
control,644,0.7578125,-0.25514178425889844,0.8020787741126101,,False
control,645,0.759765625,-0.30343521337763785,0.7657262752094913,,False
control,646,0.76171875,-0.33965913669996983,0.7388224168570316,,False
control,647,0.763671875,-0.3637494112239589,0.7211210822331371,,False
control,648,0.765625,-0.37613129370536635,0.7120859181424635,,False
control,649,0.767578125,-0.37769611040936857,0.710947189997341,,False
control,650,0.76953125,-0.3696510616066874,0.7168091430707538,,False
control,651,0.771484375,-0.35336553752004385,0.7287315849288472,,False
control,652,0.7734375,-0.3303141024670169,0.7457310390942347,,False
control,653,0.775390625,-0.3019802797832512,0.7668136786757562,,False
control,654,0.77734375,-0.269758027869684,0.7910221779536522,,False
control,655,0.779296875,-0.23491828394337555,0.8174488961512836,,False
control,656,0.78125,-0.19856380680109986,0.8452701785500063,,False
control,657,0.783203125,-0.1615293857414728,0.8738320677634431,,False
control,658,0.78515625,-0.12443575218127798,0.9026225251495908,,False
control,659,0.787109375,-0.08764381532010924,0.9313191319303069,,False
control,660,0.7890625,-0.05132281523609919,0.9597455121809617,,False
control,661,0.791015625,-0.01536805185242632,0.9879410988151447,,False
control,662,0.79296875,0.020539150931510878,0.9838840069859156,,False
control,663,0.794921875,0.05689716587336996,0.955378114528362,,False
control,664,0.796875,0.09432992551920436,0.9260956170486984,,False
control,665,0.798828125,0.13356522441653634,0.8955218620450857,,False
control,666,0.80078125,0.17541135870694594,0.8631023828948643,,False
control,667,0.802734375,0.2207036213229078,0.8282991536009046,,False
control,668,0.8046875,0.27022374381638914,0.7906706297179467,,False
control,669,0.806640625,0.3246281103182818,0.7499456989158928,,False
control,670,0.80859375,0.3843845982237174,0.7060879735062802,,False
control,671,0.810546875,0.4496423891730631,0.659397604691862,,False
control,672,0.8125,0.520157955011752,0.6105452974645436,,False
control,673,0.814453125,0.5951503899447449,0.5606150503473544,,False
control,674,0.81640625,0.6733979992192264,0.5109373084080119,,False
control,675,0.818359375,0.7530345545551729,0.4630849796798836,,False
control,676,0.8203125,0.8317607394374646,0.41858897938857575,,False
control,677,0.822265625,0.9070525428151498,0.3787202821523531,,False
control,678,0.82421875,0.9763296431408807,0.34438506377414635,,False
control,679,0.826171875,1.0372247692308947,0.31606350138970085,,False
control,680,0.828125,1.0876971557695587,0.2938978004503005,,False
control,681,0.830078125,1.126147454209466,0.27779840896324914,,False
control,682,0.83203125,1.1513456160240445,0.26761239457881925,,False
control,683,0.833984375,1.1622621466601122,0.2632883494536246,,False
control,684,0.8359375,1.1579656534276686,0.26498381282032574,,False
control,685,0.837890625,1.137537537324491,0.273158578855733,,False
control,686,0.83984375,1.100164075934875,0.2886037459629307,,False
control,687,0.841796875,1.045256246512491,0.31245737350986247,,False
control,688,0.84375,0.9726313285093423,0.346161051955278,,False
control,689,0.845703125,0.8830242730919939,0.3911557348668201,,False
control,690,0.84765625,0.778292094876977,0.44850041381156924,,False
control,691,0.849609375,0.6615912723364075,0.5182678940231582,,False
control,692,0.8515625,0.537056353106205,0.5991053790849274,,False
control,693,0.853515625,0.4093507902071275,0.6880678265565496,,False
control,694,0.85546875,0.28304170642959925,0.7810136084274888,,False
control,695,0.857421875,0.1620598861140988,0.8734215473144686,,False
control,696,0.859375,0.04935002979000107,0.9612914787766156,,False
control,697,0.861328125,-0.05321969970842634,0.9582591824618997,,False
control,698,0.86328125,-0.1447852990136585,0.8868078746519665,,False
control,699,0.865234375,-0.22514399368549348,0.824905756641206,,False
control,700,0.8671875,-0.2945999748919272,0.77233740588815,,False
control,701,0.869140625,-0.3537623123401357,0.7284402339046416,,False
control,702,0.87109375,-0.40336316500658326,0.6923723304075391,,False
control,703,0.873046875,-0.4441835506788854,0.6632510551128389,,False
control,704,0.875,-0.4770063654002576,0.6402327459611945,,False
control,705,0.876953125,-0.5025898737872927,0.6225507626440843,,False
control,706,0.87890625,-0.5216551860110291,0.6095273906895143,,False
control,707,0.880859375,-0.5349199571328974,0.6005457568476927,,False
control,708,0.8828125,-0.5431001697708665,0.5950399591253486,,False
control,709,0.884765625,-0.5469095416840866,0.592484709054823,,False
control,710,0.88671875,-0.5470863018226122,0.5923662767298185,,False
control,711,0.888671875,-0.5443789458970331,0.5941815632707153,,False
control,712,0.890625,-0.5395751768746232,0.5974093856778552,,False
control,713,0.892578125,-0.5334196970624652,0.60155827661592,,False
control,714,0.89453125,-0.5266054006873592,0.6061678757793433,,False
control,715,0.896484375,-0.5197555397990083,0.6108190250343988,,False
control,716,0.8984375,-0.5133467514956139,0.6151864231199302,,False
control,717,0.900390625,-0.5077280540345158,0.6190278145089522,,False
control,718,0.90234375,-0.503084326609347,0.6222113287606001,,False
control,719,0.904296875,-0.499429881680565,0.6247221336737894,,False
control,720,0.90625,-0.49661912666577257,0.6266565527890501,,False
control,721,0.908203125,-0.494364905532901,0.6282100035214986,,False
control,722,0.91015625,-0.4923095926558367,0.6296279653118081,,False
control,723,0.912109375,-0.489999233711709,0.6312236823078441,,False
control,724,0.9140625,-0.486965178095792,0.6333221229726658,,False
control,725,0.916015625,-0.4827366508244046,0.6362521262803076,,False
control,726,0.91796875,-0.47686118222100393,0.6403337485395324,,False
control,727,0.919921875,-0.46903262686860087,0.6457908383663171,,False
control,728,0.921875,-0.45901039258977727,0.6528078556984072,,False
control,729,0.923828125,-0.44666480756385135,0.661498283682425,,False
control,730,0.92578125,-0.43191940290071307,0.6719442243745044,,False
control,731,0.927734375,-0.41470443715242117,0.6842284978984339,,False
control,732,0.9296875,-0.39494050568874967,0.6984459431218102,,False
control,733,0.931640625,-0.3724762578099331,0.7147484692268921,,False
control,734,0.93359375,-0.34704933682490796,0.7333753514794343,,False
control,735,0.935546875,-0.31830265521047657,0.7546440378134268,,False
control,736,0.9375,-0.2858029434207315,0.7789381042923083,,False
control,737,0.939453125,-0.24917513627941912,0.8066050448413264,,False
control,738,0.94140625,-0.20815948927365555,0.8379044536130701,,False
control,739,0.943359375,-0.16296425664699662,0.8727217992629713,,False
control,740,0.9453125,-0.11380378040694591,0.9109025902278283,,False
control,741,0.947265625,-0.06136066990555121,0.9518821019465626,,False
control,742,0.94921875,-0.006604318877019128,0.9948175893855189,,False
control,743,0.951171875,0.04936243665628711,0.9612817556697981,,False
control,744,0.953125,0.1054417708524539,0.9174223882299644,,False
control,745,0.955078125,0.16065735883741444,0.8745069551829827,,False
control,746,0.95703125,0.21407835844602682,0.8333688319971156,,False
control,747,0.958984375,0.2647996870012166,0.7947679008530701,,False
control,748,0.9609375,0.31187401725245933,0.7594292966518281,,False
control,749,0.962890625,0.35426439899776924,0.7280716145992325,,False
control,750,0.96484375,0.3907759613213871,0.7014569294711952,,False
control,751,0.966796875,0.420252183445175,0.6802594463425535,,False
control,752,0.96875,0.44149742059214964,0.6651508436357463,,False
control,753,0.970703125,0.4534719468217552,0.6567002087222837,,False
control,754,0.97265625,0.4554170924760617,0.6553320054026379,,False
control,755,0.974609375,0.44691978330113163,0.6613182832821829,,False
control,756,0.9765625,0.42794586899632686,0.6747712625845663,,False
control,757,0.978515625,0.39885074967733025,0.6956235712267835,,False
control,758,0.98046875,0.3603531089207943,0.7236069825158886,,False
control,759,0.982421875,0.313471196182774,0.7582394536539737,,False
control,760,0.984375,0.2595279453062089,0.7987561077366885,,False
control,761,0.986328125,0.2001501790850279,0.8440514164956141,,False
control,762,0.98828125,0.13730644761549954,0.8926146650495859,,False
control,763,0.990234375,0.07328449944475453,0.9425480428297459,,False
control,764,0.9921875,0.010590051950342816,0.9916900849253019,,False
control,765,0.994140625,-0.04819486436810091,0.9621967951536166,,False
control,766,0.99609375,-0.10048547925116218,0.9212896969495368,,False
control,767,0.998046875,-0.1439897233970591,0.8874252696747567,,False
